DATE,HOT_TEMP,COLD_TEMP,CO2,WATCH_HOURS,SI,COKE,MN,DIFF_TEMP
2019-08-19,0,0,8,1,0,0,0,0
2019-08-20,1,0,14,1,0,0,0,1
2019-08-21,1,0,18,2,0,0,0,2
2019-08-22,1,0,20,2,0,0,0,3
2019-08-23,1,0,27,3,1,0,0,4
2019-08-24,1,0,45,6,1,0,0,5
2019-08-25,1,0,54,6,1,0,0,6
2019-08-26,1,0,36,4,2,0,0,7
2019-08-27,1,0,46,4,2,0,0,8
2019-08-28,1,0,43,5,2,0,0,9
2019-08-29,2,0,51,6,2,0,0,11
2019-08-30,2,0,58,5,2,0,0,13
2019-08-31,2,0,97,12,6,0,0,15
2019-09-01,2,0,84,12,4,0,0,17
2019-09-02,2,0,71,9,3,0,0,19
2019-09-03,2,0,81,9,4,0,0,21
2019-09-04,2,0,91,9,4,0,0,23
2019-09-05,3,0,74,11,5,0,0,26
2019-09-06,3,0,92,10,5,0,0,29
2019-09-07,2,0,120,13,7,1,0,31
2019-09-08,2,0,140,18,7,1,0,33
2019-09-09,3,0,83,12,5,1,0,36
2019-09-10,3,0,90,12,6,1,0,39
2019-09-11,3,0,101,13,5,1,0,42
2019-09-12,3,0,123,12,5,1,0,45
2019-09-13,3,0,127,13,7,1,0,48
2019-09-14,4,0,205,24,10,1,0,52
2019-09-15,4,0,153,19,12,1,0,56
2019-09-16,4,0,135,15,7,1,0,60
2019-09-17,4,0,111,17,7,1,0,64
2019-09-18,3,0,130,17,8,1,0,67
2019-09-19,4,0,151,18,8,1,0,71
2019-09-20,4,0,168,18,8,1,0,75
2019-09-21,4,0,215,28,13,1,0,79
2019-09-22,4,1,243,27,10,2,0,82
2019-09-23,4,0,145,16,7,1,1,86
2019-09-24,5,1,142,21,9,2,0,90
2019-09-25,4,1,186,18,9,2,1,93
2019-09-26,5,0,170,17,9,2,0,98
2019-09-27,4,0,172,17,10,2,0,102
2019-09-28,5,1,259,34,15,2,1,106
2019-09-29,5,1,262,34,16,1,1,110
2019-09-30,6,1,175,28,10,2,1,115
2019-10-01,4,1,179,26,11,2,1,118
2019-10-02,3,1,212,23,13,2,1,120
2019-10-03,5,1,221,20,12,2,1,124
2019-10-04,4,1,228,26,11,2,1,127
2019-10-05,6,1,342,42,18,2,1,132
2019-10-06,6,1,345,51,18,2,1,137
2019-10-07,5,1,224,26,12,2,1,141
2019-10-08,6,1,247,29,14,2,1,146
2019-10-09,7,1,199,29,15,2,1,152
2019-10-10,6,1,249,32,15,2,1,157
2019-10-11,6,1,217,24,13,3,1,162
2019-10-12,7,1,408,39,21,2,1,168
2019-10-13,6,1,374,37,21,2,1,173
2019-10-14,6,1,269,25,15,2,1,178
2019-10-15,8,1,250,28,15,3,1,185
2019-10-16,7,1,230,28,18,3,1,191
2019-10-17,7,1,250,35,15,2,1,197
2019-10-18,7,1,265,28,17,3,1,203
2019-10-19,7,1,365,58,22,3,1,209
2019-10-20,7,1,427,45,25,3,1,215
2019-10-21,6,1,307,40,15,3,1,220
2019-10-22,8,1,240,34,17,3,1,227
2019-10-23,7,1,296,32,15,3,1,233
2019-10-24,8,1,294,37,18,3,1,240
2019-10-25,7,1,279,37,19,3,2,246
2019-10-26,7,2,404,58,28,3,1,251
2019-10-27,9,1,502,63,28,3,1,259
2019-10-28,7,1,307,36,20,3,2,265
2019-10-29,8,2,267,33,19,3,2,271
2019-10-30,8,1,320,43,15,4,2,278
2019-10-31,9,1,320,37,20,3,1,286
2019-11-01,8,1,286,49,19,4,2,293
2019-11-02,7,1,510,70,28,3,2,299
2019-11-03,10,1,449,61,28,4,1,308
2019-11-04,6,2,269,46,20,3,2,312
2019-11-05,10,1,354,39,21,4,1,321
2019-11-06,9,2,403,42,24,4,2,328
2019-11-07,10,1,430,31,20,4,1,337
2019-11-08,11,2,403,53,21,4,2,346
2019-11-09,9,2,573,66,39,4,2,353
2019-11-10,10,2,574,82,31,4,1,361
2019-11-11,10,2,511,52,24,3,1,369
2019-11-12,10,2,380,46,22,4,1,377
2019-11-13,8,1,406,43,22,5,2,384
2019-11-14,11,2,447,41,22,4,2,393
2019-11-15,8,2,340,39,25,5,2,399
2019-11-16,9,2,631,85,39,5,2,406
2019-11-17,10,1,643,72,42,5,2,415
2019-11-18,9,2,428,52,26,5,2,422
2019-11-19,11,2,436,47,24,4,2,431
2019-11-20,9,2,410,51,28,5,2,438
2019-11-21,10,2,447,61,25,5,2,446
2019-11-22,11,2,449,48,28,5,2,455
2019-11-23,10,2,3362,76,165,25,10,463
2019-11-24,11,2,719,79,31,6,2,472
2019-11-25,11,3,511,56,24,5,2,480
2019-11-26,13,2,488,61,23,4,2,491
2019-11-27,12,3,497,57,27,5,2,500
2019-11-28,12,2,486,56,26,6,3,510
2019-11-29,11,2,483,64,26,6,2,519
2019-11-30,13,2,846,58,40,6,2,530
2019-12-01,12,2,757,84,33,5,2,540
2019-12-02,13,2,636,56,23,5,2,551
2019-12-03,12,2,564,55,28,6,2,561
2019-12-04,13,3,606,44,25,5,2,571
2019-12-05,12,3,611,45,27,5,2,580
2019-12-06,13,3,559,58,29,5,3,590
2019-12-07,12,3,830,96,42,6,3,599
2019-12-08,15,3,765,79,49,5,3,611
2019-12-09,12,2,546,57,30,5,2,621
2019-12-10,13,2,561,60,31,5,3,632
2019-12-11,12,3,604,45,31,5,2,641
2019-12-12,12,3,509,58,25,5,2,650
2019-12-13,14,3,553,62,23,7,3,661
2019-12-14,13,3,800,91,52,5,3,671
2019-12-15,12,3,852,93,46,6,2,680
2019-12-16,14,2,719,71,32,6,3,692
2019-12-17,14,3,534,69,29,5,3,703
2019-12-18,15,3,625,69,26,6,2,715
2019-12-19,12,3,568,58,29,7,3,724
2019-12-20,14,2,632,64,40,6,2,736
2019-12-21,14,3,1049,105,45,7,3,747
2019-12-22,14,3,1098,120,37,6,3,758
2019-12-23,16,3,680,61,32,7,2,771
2019-12-24,14,3,678,81,32,6,2,782
2019-12-25,13,3,707,66,36,7,3,792
2019-12-26,18,3,747,78,35,5,3,807
2019-12-27,13,2,737,77,39,8,3,818
2019-12-28,17,3,942,102,57,8,3,832
2019-12-29,15,3,1150,102,52,6,3,844
2019-12-30,14,3,600,79,28,7,4,855
2019-12-31,17,3,672,77,38,6,3,869
2020-01-01,15,4,736,68,45,7,3,880
2020-01-02,16,3,670,81,39,7,3,893
2020-01-03,18,4,925,86,36,8,4,907
2020-01-04,13,3,1116,132,52,7,4,917
2020-01-05,18,2,1090,118,49,7,3,933
2020-01-06,15,3,582,63,39,7,3,945
2020-01-07,15,4,834,92,42,6,4,956
2020-01-08,20,3,950,68,42,8,3,973
2020-01-09,16,4,697,93,33,7,3,985
2020-01-10,16,3,696,78,37,9,3,998
2020-01-11,15,3,1404,130,61,8,4,1010
2020-01-12,19,3,1240,136,73,7,3,1026
2020-01-13,17,3,841,79,43,8,4,1040
2020-01-14,19,3,952,92,34,8,3,1056
2020-01-15,14,4,960,74,45,8,4,1066
2020-01-16,17,4,827,68,33,8,4,1079
2020-01-17,17,4,883,82,42,8,4,1092
2020-01-18,13,3,1243,129,57,7,4,1102
2020-01-19,19,4,1271,135,46,7,3,1117
2020-01-20,18,5,825,91,35,8,2,1130
2020-01-21,18,4,874,88,42,9,4,1144
2020-01-22,17,3,816,73,41,8,3,1158
2020-01-23,15,4,866,93,42,7,3,1169
2020-01-24,17,4,906,80,41,9,4,1182
2020-01-25,20,3,1425,117,55,7,4,1199
2020-01-26,20,4,1438,123,58,9,3,1215
2020-01-27,16,5,970,94,52,8,4,1226
2020-01-28,20,3,1024,107,44,8,4,1243
2020-01-29,20,4,1021,79,41,8,4,1259
2020-01-30,22,4,855,79,40,8,4,1277
2020-01-31,19,4,1028,72,37,8,4,1292
2020-02-01,18,4,1508,136,73,9,4,1306
2020-02-02,20,3,1383,135,73,9,4,1323
2020-02-03,18,3,1058,93,43,7,4,1338
2020-02-04,19,4,856,85,50,5,4,1353
2020-02-05,19,5,846,82,46,8,4,1367
2020-02-06,20,4,1156,98,43,11,4,1383
2020-02-07,20,4,1179,95,44,8,4,1399
2020-02-08,19,4,1477,126,82,9,3,1414
2020-02-09,18,4,1588,145,78,9,5,1428
2020-02-10,18,5,947,106,47,9,5,1441
2020-02-11,15,4,855,87,47,9,3,1452
2020-02-12,16,4,1126,96,38,10,5,1464
2020-02-13,19,5,1225,86,53,9,4,1478
2020-02-14,23,6,1065,112,47,10,5,1495
2020-02-15,19,4,1699,127,67,9,5,1510
2020-02-16,18,4,1502,162,67,11,4,1524
2020-02-17,24,5,1133,102,52,9,5,1543
2020-02-18,22,4,1306,112,47,10,5,1561
2020-02-19,22,5,1275,101,43,10,5,1578
2020-02-20,20,6,1157,98,48,9,4,1592
2020-02-21,22,3,1356,103,53,10,4,1611
2020-02-22,22,5,1349,145,70,9,5,1628
2020-02-23,18,5,1667,138,79,9,5,1641
2020-02-24,18,4,1212,105,50,8,4,1655
2020-02-25,21,4,1307,93,49,9,5,1672
2020-02-26,18,5,1071,111,54,8,5,1685
2020-02-27,19,5,1054,83,52,10,4,1699
2020-02-28,20,5,1359,111,41,8,4,1714
2020-02-29,24,5,1851,171,85,11,5,1733
2020-03-01,18,5,2091,166,81,10,5,1746
2020-03-02,21,6,1441,105,59,10,4,1761
2020-03-03,24,5,1346,102,42,9,4,1780
2020-03-04,25,5,1332,116,47,10,5,1800
2020-03-05,20,4,1362,97,49,8,5,1816
2020-03-06,21,5,1271,109,63,11,5,1832
2020-03-07,17,5,2062,156,75,10,5,1844
2020-03-08,21,6,2035,147,84,9,5,1859
2020-03-09,24,5,1422,111,57,10,5,1878
2020-03-10,25,5,1325,108,60,9,5,1898
2020-03-11,21,5,1407,118,62,12,5,1914
2020-03-12,25,6,1354,132,55,11,4,1933
2020-03-13,24,5,1313,128,54,10,5,1952
2020-03-14,23,4,2020,160,91,9,4,1971
2020-03-15,25,5,1835,175,81,9,5,1991
2020-03-16,22,5,1320,130,54,10,6,2008
2020-03-17,26,5,1384,115,62,11,4,2029
2020-03-18,22,6,1296,121,58,8,5,2045
2020-03-19,16,5,1547,123,63,12,6,2056
2020-03-20,24,6,1371,129,68,12,5,2074
2020-03-21,20,5,2329,165,81,12,5,2089
2020-03-22,22,6,1831,180,93,11,6,2105
2020-03-23,19,5,1356,117,67,14,5,2119
2020-03-24,21,6,1230,119,49,9,6,2134
2020-03-25,28,6,1468,117,63,10,6,2156
2020-03-26,22,5,1379,151,51,12,6,2173
2020-03-27,24,6,1197,108,60,12,6,2191
2020-03-28,27,5,2216,193,91,11,5,2213
2020-03-29,22,5,2166,171,97,11,6,2230
2020-03-30,24,6,1364,111,58,10,5,2248
2020-03-31,26,7,1251,137,56,12,6,2267
2020-04-01,25,5,1499,112,71,12,6,2287
2020-04-02,26,5,1167,124,58,11,6,2308
2020-04-03,28,6,1579,156,58,12,6,2330
2020-04-04,29,5,2638,169,99,12,6,2354
2020-04-05,25,5,2702,184,97,13,6,2374
2020-04-06,28,5,1638,127,68,11,5,2397
2020-04-07,25,7,1305,129,65,12,7,2415
2020-04-08,23,5,1425,117,69,11,5,2433
2020-04-09,23,6,1394,142,63,12,6,2450
2020-04-10,28,6,1422,135,62,14,6,2472
2020-04-11,26,5,2250,153,87,14,7,2493
2020-04-12,26,8,11307,183,487,55,30,2511
2020-04-13,26,6,1705,119,64,10,7,2531
2020-04-14,24,6,1719,120,56,12,6,2549
2020-04-15,26,7,1594,139,65,12,6,2568
2020-04-16,24,6,1414,139,67,13,7,2586
2020-04-17,28,5,1722,129,59,14,7,2609
2020-04-18,24,5,2314,187,97,13,7,2628
2020-04-19,29,6,2079,195,75,12,7,2651
2020-04-20,25,6,1809,142,69,14,5,2670
2020-04-21,27,6,1402,142,60,13,6,2691
2020-04-22,29,5,1675,136,63,14,7,2715
2020-04-23,27,7,1635,130,66,12,6,2735
2020-04-24,31,6,1676,136,61,12,7,2760
2020-04-25,26,5,1809,190,114,14,7,2781
2020-04-26,22,5,2514,180,106,13,6,2798
2020-04-27,27,7,1660,121,72,13,6,2818
2020-04-28,31,6,1528,137,65,12,5,2843
2020-04-29,30,7,1454,115,62,15,7,2866
2020-04-30,31,6,1574,133,54,14,5,2891
2020-05-01,25,6,1735,170,75,15,7,2910
2020-05-02,28,5,2677,180,100,13,6,2933
2020-05-03,27,7,2609,229,103,14,7,2953
2020-05-04,25,6,2114,121,61,13,7,2972
2020-05-05,27,6,1547,149,65,15,7,2993
2020-05-06,24,6,1657,153,59,12,6,3011
2020-05-07,29,8,2012,141,79,16,7,3032
2020-05-08,25,7,1471,146,66,15,7,3050
2020-05-09,30,8,2688,249,99,13,7,3072
2020-05-10,24,6,2370,217,105,10,7,3090
2020-05-11,25,7,1716,105,75,13,7,3108
2020-05-12,33,6,1521,148,75,13,6,3135
2020-05-13,28,6,1649,157,82,14,8,3157
2020-05-14,28,6,1373,149,75,14,5,3179
2020-05-15,29,7,1640,121,65,17,8,3201
2020-05-16,28,5,2591,223,112,13,6,3224
2020-05-17,31,7,2401,210,109,13,7,3248
2020-05-18,33,6,1525,144,61,12,9,3275
2020-05-19,31,8,1913,144,65,16,5,3298
2020-05-20,24,7,1564,155,65,17,7,3315
2020-05-21,32,8,1656,154,82,13,6,3339
2020-05-22,32,8,1800,149,69,14,7,3363
2020-05-23,36,9,2490,199,102,15,6,3390
2020-05-24,35,8,2068,204,117,15,6,3417
2020-05-25,35,6,1659,140,77,15,8,3446
2020-05-26,29,6,1810,148,67,13,7,3469
2020-05-27,23,6,1938,145,73,15,8,3486
2020-05-28,33,6,1475,160,68,16,8,3513
2020-05-29,31,8,1367,178,76,16,8,3536
2020-05-30,35,8,2628,208,114,18,7,3563
2020-05-31,30,8,2938,279,115,14,9,3585
2020-06-01,33,8,1856,159,79,13,7,3610
2020-06-02,32,6,1696,168,91,15,7,3636
2020-06-03,31,8,1880,140,86,15,8,3659
2020-06-04,35,8,1941,138,77,15,7,3686
2020-06-05,31,8,1692,192,76,14,7,3709
2020-06-06,32,8,2516,207,93,15,8,3733
2020-06-07,33,6,2731,244,126,15,7,3760
2020-06-08,33,7,1499,195,84,17,8,3786
2020-06-09,32,7,1595,174,97,17,7,3811
2020-06-10,34,7,1837,157,70,14,7,3838
2020-06-11,32,7,1664,191,94,17,7,3863
2020-06-12,32,8,1926,167,90,16,8,3887
2020-06-13,30,7,2150,195,126,18,7,3910
2020-06-14,32,8,2571,237,118,12,8,3934
2020-06-15,34,8,1336,157,84,16,7,3960
2020-06-16,31,8,1581,179,70,18,6,3983
2020-06-17,28,7,1934,168,73,18,8,4004
2020-06-18,29,8,1814,152,75,15,8,4025
2020-06-19,28,7,1691,182,87,18,7,4046
2020-06-20,30,8,2118,265,108,15,7,4068
2020-06-21,37,7,13138,222,637,75,35,4098
2020-06-22,34,7,1849,147,94,15,8,4125
2020-06-23,38,7,1776,187,95,14,9,4156
2020-06-24,35,9,1605,191,89,17,7,4182
2020-06-25,38,8,1856,153,83,17,8,4212
2020-06-26,40,9,1706,157,85,16,9,4243
2020-06-27,37,9,2927,217,142,16,9,4271
2020-06-28,34,6,2580,247,135,16,8,4299
2020-06-29,35,7,1494,158,88,17,7,4327
2020-06-30,31,9,1694,163,72,16,8,4349
2020-07-01,38,9,1678,146,77,13,8,4378
2020-07-02,35,9,1891,183,91,17,9,4404
2020-07-03,36,8,1761,197,83,16,8,4432
2020-07-04,35,8,2743,250,129,18,9,4459
2020-07-05,34,8,2775,225,115,14,9,4485
2020-07-06,35,8,1677,156,86,18,8,4512
2020-07-07,44,9,1868,146,102,18,8,4547
2020-07-08,32,9,1791,209,66,16,7,4570
2020-07-09,35,8,1833,173,93,18,8,4597
2020-07-10,39,8,1300,163,85,21,9,4628
2020-07-11,28,10,2928,279,138,18,7,4646
2020-07-12,41,8,2721,304,121,18,9,4679
2020-07-13,37,8,1860,180,97,18,9,4708
2020-07-14,33,8,1406,175,87,18,9,4733
2020-07-15,35,9,1628,214,84,19,9,4759
2020-07-16,40,10,1640,187,70,20,10,4789
2020-07-17,38,9,1782,162,81,16,10,4818
2020-07-18,43,9,2561,235,135,15,9,4852
2020-07-19,38,9,2631,298,124,19,7,4881
2020-07-20,37,10,1691,177,88,14,9,4908
2020-07-21,36,9,2052,157,97,17,10,4935
2020-07-22,38,10,1831,173,96,20,9,4963
2020-07-23,41,9,1898,185,98,18,7,4995
2020-07-24,38,10,1830,199,88,18,8,5023
2020-07-25,31,9,2690,261,135,18,7,5045
2020-07-26,39,9,2545,255,151,20,7,5075
2020-07-27,43,10,1830,215,105,18,10,5108
2020-07-28,29,8,1500,196,82,21,10,5129
2020-07-29,41,10,1504,180,96,18,9,5160
2020-07-30,41,8,1867,182,110,19,10,5193
2020-07-31,41,8,1624,185,98,22,8,5226
2020-08-01,40,10,2612,273,138,22,9,5256
2020-08-02,40,10,2101,274,133,17,10,5286
2020-08-03,36,9,1962,143,87,19,9,5313
2020-08-04,43,8,1838,189,101,17,10,5348
2020-08-05,28,8,1662,199,94,21,10,5368
2020-08-06,37,8,1583,147,96,20,10,5397
2020-08-07,37,9,1985,194,89,21,9,5425
2020-08-08,38,10,2650,291,150,20,11,5453
2020-08-09,44,9,2707,246,139,17,9,5488
2020-08-10,38,9,1554,197,81,20,9,5517
2020-08-11,38,8,1728,213,116,15,8,5547
2020-08-12,37,10,1419,188,90,18,9,5574
2020-08-13,43,8,1672,215,99,16,10,5609
2020-08-14,34,9,1642,184,82,17,9,5634
2020-08-15,43,10,2134,291,172,18,10,5667
2020-08-16,34,9,2556,300,144,17,9,5692
2020-08-17,34,8,1601,192,93,20,10,5718
2020-08-18,40,10,1848,189,106,21,9,5748
2020-08-19,40,8,1876,192,101,17,10,5780
2020-08-20,41,11,1574,194,98,18,10,5810
2020-08-21,41,8,1734,182,84,17,9,5843
2020-08-22,38,8,3010,277,177,20,9,5873
2020-08-23,47,9,2412,259,153,19,8,5911
2020-08-24,41,9,1404,247,108,18,9,5943
2020-08-25,41,9,1728,245,105,18,10,5975
2020-08-26,45,10,1880,193,107,15,11,6010
2020-08-27,37,10,1540,190,92,19,8,6037
2020-08-28,34,9,1975,181,117,22,10,6062
2020-08-29,43,11,2411,310,178,22,9,6094
2020-08-30,45,11,2468,342,150,15,9,6128
2020-08-31,41,11,1554,230,87,23,8,6158
2020-09-01,47,9,1751,188,115,21,13,6196
2020-09-02,44,10,1927,208,112,19,8,6230
2020-09-03,45,8,1719,232,107,19,10,6267
2020-09-04,39,10,1566,186,96,18,11,6296
2020-09-05,34,12,2609,339,168,19,10,6318
2020-09-06,46,11,2570,333,168,19,12,6353
2020-09-07,51,9,1712,179,104,23,10,6395
2020-09-08,37,10,1748,221,88,20,9,6422
2020-09-09,45,10,1890,234,98,23,11,6457
2020-09-10,33,9,1696,198,101,20,10,6481
2020-09-11,47,11,1601,222,111,20,10,6517
2020-09-12,37,8,14215,300,787,90,50,6546
2020-09-13,38,10,2364,309,136,19,9,6574
2020-09-14,36,12,1812,215,100,20,10,6598
2020-09-15,46,11,1868,180,113,17,10,6633
2020-09-16,53,11,1719,233,118,23,11,6675
2020-09-17,46,8,1850,211,117,24,8,6713
2020-09-18,47,9,1835,223,96,24,11,6751
2020-09-19,36,10,2821,313,190,20,11,6777
2020-09-20,36,12,2545,301,168,21,9,6801
2020-09-21,46,8,2250,207,122,21,10,6839
2020-09-22,41,11,1593,209,93,24,9,6869
2020-09-23,49,10,1743,212,92,19,11,6908
2020-09-24,42,8,1656,215,98,23,10,6942
2020-09-25,41,12,1642,178,125,17,11,6971
2020-09-26,45,12,3024,340,177,19,11,7004
2020-09-27,50,10,2397,340,165,21,8,7044
2020-09-28,42,10,1826,214,117,23,10,7076
2020-09-29,50,10,1685,156,105,19,10,7116
2020-09-30,46,12,2102,193,112,24,11,7150
2020-10-01,39,10,1810,212,102,20,10,7179
2020-10-02,42,9,1976,210,134,20,11,7212
2020-10-03,43,10,2554,310,150,23,11,7245
2020-10-04,51,8,2258,369,172,24,10,7288
2020-10-05,57,12,2002,197,117,20,11,7333
2020-10-06,42,13,2016,221,114,20,11,7362
2020-10-07,43,11,1782,227,125,23,8,7394
2020-10-08,47,12,1770,221,121,22,12,7429
2020-10-09,40,10,1508,224,114,18,14,7459
2020-10-10,49,12,2783,277,162,22,13,7496
2020-10-11,57,11,2834,333,184,19,11,7542
2020-10-12,37,10,1920,218,85,23,12,7569
2020-10-13,48,12,1918,231,105,21,10,7605
2020-10-14,43,10,1812,202,119,23,11,7638
2020-10-15,48,13,1860,237,120,24,10,7673
2020-10-16,51,13,2160,258,99,19,11,7711
2020-10-17,52,11,2825,322,160,25,8,7752
2020-10-18,39,10,2637,276,138,21,12,7781
2020-10-19,46,9,2073,248,126,22,12,7818
2020-10-20,53,13,1970,240,123,27,12,7858
2020-10-21,46,13,1791,218,111,22,11,7891
2020-10-22,52,12,1896,250,126,22,13,7931
2020-10-23,49,12,1810,260,122,19,10,7968
2020-10-24,43,12,2524,313,144,23,10,7999
2020-10-25,53,11,2579,298,162,19,13,8041
2020-10-26,41,11,2448,240,121,20,10,8071
2020-10-27,44,11,1941,259,135,24,10,8104
2020-10-28,48,10,1807,224,125,23,12,8142
2020-10-29,47,10,1755,267,131,20,10,8179
2020-10-30,44,9,1764,199,125,21,13,8214
2020-10-31,49,11,3022,361,187,24,11,8252
2020-11-01,42,10,2591,379,217,25,11,8284
2020-11-02,44,11,1507,267,114,24,12,8317
2020-11-03,51,10,1879,200,120,27,11,8358
2020-11-04,56,12,1884,218,128,21,12,8402
2020-11-05,57,11,2153,253,129,26,11,8448
2020-11-06,51,10,2176,265,121,24,12,8489
2020-11-07,41,12,3215,408,181,24,10,8518
2020-11-08,48,11,2873,390,195,24,13,8555
2020-11-09,48,11,2021,234,124,24,11,8592
2020-11-10,57,12,2072,226,118,21,12,8637
2020-11-11,44,13,1901,267,116,21,14,8668
2020-11-12,45,13,1845,224,127,24,15,8700
2020-11-13,54,9,1559,298,119,25,11,8745
2020-11-14,49,13,3433,334,139,24,13,8781
2020-11-15,55,11,2949,364,145,23,12,8825
2020-11-16,49,11,2260,281,116,21,13,8863
2020-11-17,55,12,2136,230,135,25,12,8906
2020-11-18,54,11,1895,290,118,24,12,8949
2020-11-19,47,12,2243,233,131,26,11,8984
2020-11-20,48,12,2191,243,124,20,13,9020
2020-11-21,51,13,3387,469,226,24,11,9058
2020-11-22,58,10,3236,402,189,23,9,9106
2020-11-23,50,14,2103,269,116,28,14,9142
2020-11-24,50,11,2140,249,128,21,11,9181
2020-11-25,54,13,1967,275,100,25,12,9222
2020-11-26,52,12,2030,276,118,25,14,9262
2020-11-27,42,12,2275,242,121,23,12,9292
2020-11-28,52,11,3302,301,187,23,13,9333
2020-11-29,45,10,3131,396,174,24,8,9368
2020-11-30,62,12,2121,239,117,23,11,9418
2020-12-01,50,13,2769,228,122,24,13,9455
2020-12-02,47,13,2135,205,121,23,11,9489
2020-12-03,47,14,2838,265,132,28,13,9522
2020-12-04,50,12,2161,298,150,26,13,9560
2020-12-05,49,13,3070,408,192,25,9,9596
2020-12-06,48,15,3493,345,198,25,12,9629
2020-12-07,57,12,2619,210,141,23,14,9674
2020-12-08,51,13,2215,222,136,28,11,9712
2020-12-09,59,13,2886,192,113,24,13,9758
2020-12-10,51,11,2382,243,103,27,14,9798
2020-12-11,53,14,2438,258,142,25,12,9837
2020-12-12,49,13,2912,483,189,23,13,9873
2020-12-13,44,12,3390,406,211,18,13,9905
2020-12-14,57,14,2588,268,137,29,12,9948
2020-12-15,55,13,2270,269,128,27,14,9990
2020-12-16,46,14,2570,292,145,25,14,10022
2020-12-17,61,14,2762,264,138,28,8,10069
2020-12-18,57,11,2905,272,130,27,12,10115
2020-12-19,67,13,3200,420,217,20,11,10169
2020-12-20,50,14,4218,373,199,27,10,10205
2020-12-21,47,14,2057,311,133,27,12,10238
2020-12-22,46,14,2103,285,141,29,13,10270
2020-12-23,52,15,2493,287,120,25,15,10307
2020-12-24,50,13,2330,268,131,29,12,10344
2020-12-25,63,10,3187,276,130,28,13,10397
2020-12-26,53,14,3908,423,210,23,14,10436
2020-12-27,47,10,3605,357,183,28,14,10473
2020-12-28,51,12,2381,251,120,28,13,10512
2020-12-29,60,13,2554,258,120,25,14,10559
2020-12-30,60,13,2583,272,120,29,16,10606
2020-12-31,54,13,2763,267,160,29,11,10647
2021-01-01,60,13,2887,289,139,27,13,10694
2021-01-02,54,11,4712,441,157,29,14,10737
2021-01-03,60,15,4097,379,231,24,12,10782
2021-01-04,51,14,2644,270,110,26,15,10819
2021-01-05,59,11,2500,242,150,24,13,10867
2021-01-06,57,15,2554,265,114,27,13,10909
2021-01-07,60,12,2243,261,144,23,14,10957
2021-01-08,52,13,3029,277,145,32,12,10996
2021-01-09,58,13,4347,438,219,25,12,11041
2021-01-10,55,18,4436,354,237,24,15,11078
2021-01-11,62,15,2757,275,138,25,13,11125
2021-01-12,70,15,2296,267,114,26,13,11180
2021-01-13,59,12,3496,232,147,31,13,11227
2021-01-14,52,15,2824,258,134,27,13,11264
2021-01-15,59,16,3090,252,123,22,15,11307
2021-01-16,56,12,4766,450,231,26,12,11351
2021-01-17,57,12,5760,441,226,25,13,11396
2021-01-18,57,13,2443,307,150,28,14,11440
2021-01-19,50,15,3271,303,117,25,13,11475
2021-01-20,52,14,3441,308,98,28,12,11513
2021-01-21,62,13,3862,332,136,27,13,11562
2021-01-22,55,13,3249,256,137,27,12,11604
2021-01-23,44,15,3911,370,201,25,14,11633
2021-01-24,56,13,5179,454,243,27,12,11676
2021-01-25,60,16,2789,276,138,29,12,11720
2021-01-26,55,14,2897,236,139,29,15,11761
2021-01-27,63,13,2787,282,139,29,14,11811
2021-01-28,43,14,3206,292,127,29,15,11840
2021-01-29,63,16,2718,276,145,27,14,11887
2021-01-30,52,13,4621,451,226,29,13,11926
2021-01-31,61,12,4557,397,213,29,12,11975
2021-02-01,59,15,3464,314,143,29,16,12019
2021-02-02,71,13,3965,310,142,24,15,12077
2021-02-03,54,13,3608,251,163,26,11,12118
2021-02-04,63,13,2808,310,168,27,13,12168
2021-02-05,66,15,3679,245,139,24,13,12219
2021-02-06,49,14,4771,474,219,27,15,12254
2021-02-07,63,12,4733,403,231,26,14,12305
2021-02-08,61,15,3240,367,152,25,12,12351
2021-02-09,60,15,3349,271,162,32,16,12396
2021-02-10,48,14,3557,324,161,26,12,12430
2021-02-11,59,12,2935,337,147,31,15,12477
2021-02-12,60,12,3133,262,153,27,13,12525
2021-02-13,55,14,4409,412,241,33,14,12566
2021-02-14,57,15,4261,553,234,30,15,12608
2021-02-15,66,13,3311,303,152,27,14,12661
2021-02-16,63,15,3197,307,126,31,15,12709
2021-02-17,65,13,3569,285,122,31,12,12761
2021-02-18,51,11,3830,284,143,25,11,12801
2021-02-19,59,13,3251,332,159,33,15,12847
2021-02-20,62,13,4987,424,213,25,18,12896
2021-02-21,67,14,6078,450,214,33,14,12949
2021-02-22,63,16,2781,276,137,27,16,12996
2021-02-23,62,16,4050,326,174,25,15,13042
2021-02-24,61,13,3334,299,162,26,16,13090
2021-02-25,50,14,3505,294,149,27,16,13126
2021-02-26,51,17,3072,313,134,25,15,13160
2021-02-27,62,16,26957,543,1080,150,80,13206
2021-02-28,61,15,4534,400,241,34,16,13252
2021-03-01,52,15,3073,304,141,28,16,13289
2021-03-02,72,16,2936,278,140,34,15,13345
2021-03-03,76,14,3647,313,176,28,13,13407
2021-03-04,49,12,3288,313,136,34,15,13444
2021-03-05,60,17,4157,307,138,33,14,13487
2021-03-06,67,16,6064,430,231,34,14,13538
2021-03-07,59,11,6391,472,235,35,15,13586
2021-03-08,51,15,3638,376,171,31,12,13622
2021-03-09,66,14,3870,240,154,33,13,13674
2021-03-10,55,15,3682,282,137,32,14,13714
2021-03-11,59,13,3529,333,128,26,14,13760
2021-03-12,63,16,4220,255,144,32,15,13807
2021-03-13,63,17,6172,429,238,29,13,13853
2021-03-14,60,14,6287,460,256,33,15,13899
2021-03-15,55,15,3778,316,167,31,14,13939
2021-03-16,65,15,4390,313,165,27,13,13989
2021-03-17,56,16,3404,306,174,28,17,14029
2021-03-18,62,13,4536,357,165,28,15,14078
2021-03-19,68,15,3328,329,179,27,14,14131
2021-03-20,46,17,5978,442,243,30,14,14160
2021-03-21,70,16,5977,456,243,29,16,14214
2021-03-22,64,15,3689,321,151,28,16,14263
2021-03-23,66,15,4369,319,131,37,17,14314
2021-03-24,61,15,3714,290,166,27,12,14360
2021-03-25,58,15,3345,282,159,30,15,14403
2021-03-26,63,15,3638,343,153,38,16,14451
2021-03-27,73,17,5371,423,222,30,16,14507
2021-03-28,63,15,7083,430,237,32,15,14555
2021-03-29,69,17,4402,307,168,39,15,14607
2021-03-30,49,14,3678,345,159,31,15,14642
2021-03-31,57,15,3964,290,156,31,17,14684
2021-04-01,62,14,3687,334,155,32,15,14732
2021-04-02,70,16,4593,296,158,30,13,14786
2021-04-03,59,17,5605,526,265,24,16,14828
2021-04-04,66,19,4944,496,279,32,14,14875
2021-04-05,63,15,3442,371,161,32,15,14923
2021-04-06,64,16,3997,324,164,31,15,14971
2021-04-07,67,13,4292,306,150,31,16,15025
2021-04-08,74,12,3695,344,159,31,14,15087
2021-04-09,65,17,4108,366,160,32,17,15135
2021-04-10,61,16,4964,432,207,37,15,15180
2021-04-11,62,14,5364,474,237,38,15,15228
2021-04-12,52,16,3689,322,145,24,16,15264
2021-04-13,69,15,4105,309,146,30,15,15318
2021-04-14,63,17,3632,351,163,24,15,15364
2021-04-15,87,14,3648,338,171,32,17,15437
2021-04-16,74,12,3413,378,188,29,17,15499
2021-04-17,66,16,28234,468,1297,180,85,15549
2021-04-18,57,18,7011,459,198,31,13,15588
2021-04-19,70,18,3784,322,160,34,15,15640
2021-04-20,56,16,4314,326,179,32,17,15680
2021-04-21,67,14,4092,300,149,28,17,15733
2021-04-22,63,15,3442,329,178,31,16,15781
2021-04-23,74,18,4510,307,154,35,15,15837
2021-04-24,70,15,6405,540,270,30,15,15892
2021-04-25,77,12,4882,490,237,37,19,15957
2021-04-26,58,18,3670,298,158,32,19,15997
2021-04-27,61,17,3992,342,157,35,17,16041
2021-04-28,56,16,3602,315,156,33,16,16081
2021-04-29,70,16,3726,301,174,34,13,16135
2021-04-30,67,18,3997,356,175,32,15,16184
2021-05-01,71,18,6863,537,243,33,17,16237
2021-05-02,75,17,5578,484,271,28,18,16295
2021-05-03,75,16,3637,289,192,34,17,16354
2021-05-04,58,15,3927,374,181,33,20,16397
2021-05-05,56,16,3919,301,186,39,14,16437
2021-05-06,71,17,3453,304,192,31,16,16491
2021-05-07,63,14,4438,365,145,34,14,16540
2021-05-08,73,16,5402,490,288,31,18,16597
2021-05-09,64,17,6215,484,256,30,15,16644
2021-05-10,71,15,4217,316,174,35,17,16700
2021-05-11,63,14,3724,305,191,38,18,16749
2021-05-12,65,14,3672,365,174,34,14,16800
2021-05-13,77,16,3895,280,163,29,16,16861
2021-05-14,72,16,3955,382,184,34,16,16917
2021-05-15,61,18,6314,565,279,33,14,16960
2021-05-16,58,18,5347,547,258,33,17,17000
2021-05-17,62,15,4084,332,156,42,18,17047
2021-05-18,67,17,3653,282,152,38,18,17097
2021-05-19,74,16,4396,304,165,34,16,17155
2021-05-20,70,18,3770,284,169,28,14,17207
2021-05-21,78,18,4196,391,176,35,15,17267
2021-05-22,75,18,5330,507,286,31,16,17324
2021-05-23,78,17,6404,582,249,33,16,17385
2021-05-24,68,16,3765,391,166,36,20,17437
2021-05-25,71,14,3926,369,196,34,13,17494
2021-05-26,75,15,3327,408,176,38,19,17554
2021-05-27,65,18,4010,334,210,28,19,17601
2021-05-28,67,15,3878,299,151,33,18,17653
2021-05-29,62,15,5787,580,268,39,13,17700
2021-05-30,70,18,5684,570,265,29,16,17752
2021-05-31,59,16,3581,332,166,35,15,17795
2021-06-01,74,16,4431,365,136,38,14,17853
2021-06-02,69,15,4706,341,206,35,22,17907
2021-06-03,82,16,3195,358,159,41,19,17973
2021-06-04,76,20,3467,341,187,30,17,18029
2021-06-05,71,18,5699,516,265,32,19,18082
2021-06-06,79,18,5972,460,244,36,19,18143
2021-06-07,73,17,3719,388,142,36,19,18199
2021-06-08,78,16,3914,308,201,30,18,18261
2021-06-09,68,18,3921,343,183,37,17,18311
2021-06-10,69,18,4070,332,192,39,19,18362
2021-06-11,57,18,3045,338,173,31,18,18401
2021-06-12,73,19,6017,645,252,36,15,18455
2021-06-13,78,20,6291,490,292,35,14,18513
2021-06-14,67,18,4251,372,177,32,16,18562
2021-06-15,65,16,4626,289,194,34,19,18611
2021-06-16,67,16,4530,418,177,36,15,18662
2021-06-17,52,17,3995,387,174,42,15,18697
2021-06-18,77,21,3073,390,156,35,17,18753
2021-06-19,80,14,5628,550,222,40,18,18819
2021-06-20,76,14,5757,559,267,34,16,18881
2021-06-21,63,17,3029,338,184,41,14,18927
2021-06-22,75,15,3367,392,173,37,18,18987
2021-06-23,71,19,20418,434,1005,195,75,19039
2021-06-24,69,19,3506,336,178,36,17,19089
2021-06-25,59,18,2887,357,158,37,17,19130
2021-06-26,72,16,5867,562,306,33,20,19186
2021-06-27,72,17,5453,573,262,33,20,19241
2021-06-28,71,18,4022,312,162,34,20,19294
2021-06-29,71,17,3876,337,157,33,18,19348
2021-06-30,59,20,3755,350,171,32,16,19387
2021-07-01,69,18,3943,366,179,35,20,19438
2021-07-02,62,18,4463,364,175,32,18,19482
2021-07-03,86,16,4755,553,288,41,18,19552
2021-07-04,68,16,5312,547,322,37,21,19604
2021-07-05,74,17,3455,366,183,41,19,19661
2021-07-06,66,18,3617,309,158,31,20,19709
2021-07-07,61,15,3249,389,224,41,18,19755
2021-07-08,81,16,3185,410,197,39,15,19820
2021-07-09,68,15,3610,386,196,41,16,19873
2021-07-10,68,18,5858,609,315,29,13,19923
2021-07-11,90,18,5092,615,304,35,22,19995
2021-07-12,73,17,3745,363,176,35,18,20051
2021-07-13,77,20,3348,334,222,37,19,20108
2021-07-14,80,18,3486,376,203,35,18,20170
2021-07-15,67,18,4727,385,197,33,18,20219
2021-07-16,71,21,3805,351,183,38,18,20269
2021-07-17,80,19,4771,507,291,38,18,20330
2021-07-18,88,17,5956,600,258,26,19,20401
2021-07-19,80,16,3223,404,183,36,19,20465
2021-07-20,76,20,3832,372,204,39,17,20521
2021-07-21,81,22,3258,409,170,45,18,20580
2021-07-22,57,20,3451,331,172,31,19,20617
2021-07-23,62,18,3781,419,178,42,18,20661
2021-07-24,77,20,5993,625,294,38,19,20718
2021-07-25,84,20,4735,553,271,36,18,20782
2021-07-26,72,20,3530,391,168,39,22,20834
2021-07-27,76,16,3043,410,180,31,17,20894
2021-07-28,89,18,3556,376,182,43,20,20965
2021-07-29,75,18,4240,399,195,39,21,21022
2021-07-30,79,18,3363,444,197,31,19,21083
2021-07-31,83,21,4793,580,292,38,23,21145
2021-08-01,87,16,5463,618,348,40,15,21216
2021-08-02,79,20,3138,338,208,34,15,21275
2021-08-03,71,19,3794,299,199,40,18,21327
2021-08-04,72,15,3329,449,192,37,19,21384
2021-08-05,83,19,3357,423,201,36,21,21448
2021-08-06,77,19,2900,347,199,42,20,21506
2021-08-07,68,21,4917,540,306,33,20,21553
2021-08-08,71,21,5203,634,253,36,20,21603
2021-08-09,83,20,3075,376,194,38,21,21666
2021-08-10,74,20,3296,396,233,44,20,21720
2021-08-11,70,19,3607,443,181,41,22,21771
2021-08-12,81,21,2982,388,208,38,19,21831
2021-08-13,79,23,3932,412,181,38,19,21887
2021-08-14,76,21,4770,568,303,34,19,21942
2021-08-15,74,18,5531,519,286,43,19,21998
2021-08-16,90,22,3224,343,193,35,18,22066
2021-08-17,68,18,3950,378,207,35,20,22116
2021-08-18,86,17,3444,377,221,43,19,22185
2021-08-19,83,15,3240,383,166,38,16,22253
2021-08-20,81,18,3154,441,220,38,19,22316
2021-08-21,74,20,4782,454,309,37,21,22370
2021-08-22,75,21,5582,582,316,45,20,22424
2021-08-23,85,17,3627,427,203,40,19,22492
2021-08-24,91,21,3192,296,241,37,21,22562
2021-08-25,70,21,3224,412,192,43,19,22611
2021-08-26,67,19,3020,398,193,47,23,22659
2021-08-27,80,17,3765,391,184,36,19,22722
2021-08-28,90,24,5203,610,300,42,21,22788
2021-08-29,71,23,4788,627,295,36,18,22836
2021-08-30,85,20,3488,380,216,43,19,22901
2021-08-31,75,16,3590,316,184,38,20,22960
2021-09-01,102,21,3363,396,191,42,21,23041
2021-09-02,83,20,3120,396,196,47,19,23104
2021-09-03,84,19,2940,400,193,36,23,23169
2021-09-04,70,23,4655,508,304,41,21,23216
2021-09-05,82,18,5806,483,336,46,18,23280
2021-09-06,84,22,3794,423,179,44,22,23342
2021-09-07,79,19,3701,386,203,37,23,23402
2021-09-08,76,22,3117,451,208,43,18,23456
2021-09-09,81,17,3601,443,213,42,21,23520
2021-09-10,82,20,2922,334,195,42,20,23582
2021-09-11,78,23,5904,625,318,44,20,23637
2021-09-12,71,21,4802,579,255,39,20,23687
2021-09-13,84,21,3101,359,216,44,20,23750
2021-09-14,69,21,3733,414,192,36,22,23798
2021-09-15,77,19,2952,437,207,36,19,23856
2021-09-16,84,24,3308,384,193,40,18,23916
2021-09-17,82,17,3469,424,218,38,21,23981
2021-09-18,98,22,5492,615,273,41,18,24057
2021-09-19,85,22,4339,529,355,37,21,24120
2021-09-20,79,22,3292,367,194,44,21,24177
2021-09-21,77,22,3473,421,223,45,19,24232
2021-09-22,75,19,2955,429,179,39,19,24288
2021-09-23,77,21,3182,429,190,44,17,24344
2021-09-24,81,20,3541,449,212,39,21,24405
2021-09-25,77,20,5079,630,319,40,21,24462
2021-09-26,83,21,5926,532,286,38,23,24524
2021-09-27,83,23,3738,416,189,35,14,24584
2021-09-28,76,23,3690,430,213,40,20,24637
2021-09-29,79,23,3469,399,225,45,23,24693
2021-09-30,88,19,3345,453,178,49,22,24762
2021-10-01,75,20,3427,417,228,33,22,24817
2021-10-02,87,19,5809,607,277,43,25,24885
2021-10-03,88,21,4418,742,316,34,18,24952
2021-10-04,69,21,2858,438,178,46,19,25000
2021-10-05,97,17,3907,412,195,38,19,25080
2021-10-06,76,22,4114,456,200,39,18,25134
2021-10-07,86,22,3002,460,238,39,23,25198
2021-10-08,92,23,3100,386,204,42,19,25267
2021-10-09,92,20,5448,796,282,38,18,25339
2021-10-10,85,19,5164,529,306,35,17,25405
2021-10-11,75,17,3256,448,242,44,18,25463
2021-10-12,80,22,3475,394,210,44,20,25521
2021-10-13,82,22,3084,366,247,39,18,25581
2021-10-14,87,21,3323,405,168,49,18,25647
2021-10-15,97,22,3025,467,207,38,21,25722
2021-10-16,76,22,6197,676,334,39,25,25776
2021-10-17,75,21,6010,670,295,41,24,25830
2021-10-18,94,19,3007,418,203,44,21,25905
2021-10-19,68,22,3304,372,233,44,20,25951
2021-10-20,96,20,2953,458,233,43,26,26027
2021-10-21,75,21,3525,384,217,53,22,26081
2021-10-22,85,18,3903,329,225,48,23,26148
2021-10-23,91,21,5973,622,313,36,17,26218
2021-10-24,87,19,4984,691,306,42,20,26286
2021-10-25,73,20,3599,438,178,42,19,26339
2021-10-26,97,23,3314,418,214,36,22,26413
2021-10-27,105,22,3613,469,205,56,18,26496
2021-10-28,89,17,3401,405,189,42,21,26568
2021-10-29,95,19,3520,382,207,41,21,26644
2021-10-30,81,20,5365,663,355,43,23,26705
2021-10-31,97,19,5192,684,318,37,23,26783
2021-11-01,78,22,3282,408,198,40,23,26839
2021-11-02,78,21,3711,486,225,46,21,26896
2021-11-03,89,17,4240,410,224,42,22,26968
2021-11-04,86,24,3610,460,226,39,20,27030
2021-11-05,72,18,3455,480,203,44,23,27084
2021-11-06,80,20,5821,777,250,43,24,27144
2021-11-07,91,23,4955,598,310,38,21,27212
2021-11-08,91,24,4031,394,229,47,21,27279
2021-11-09,97,22,4195,399,242,40,21,27354
2021-11-10,82,24,4155,412,252,49,20,27412
2021-11-11,81,20,3984,491,242,54,22,27473
2021-11-12,63,20,3846,480,226,49,19,27516
2021-11-13,83,23,5837,615,315,37,22,27576
2021-11-14,100,21,5675,540,280,51,24,27655
2021-11-15,109,22,3623,463,165,41,21,27742
2021-11-16,96,21,4012,467,206,48,23,27817
2021-11-17,84,22,3895,392,221,48,21,27879
2021-11-18,86,22,4152,466,158,37,21,27943
2021-11-19,71,23,4420,417,201,44,23,27991
2021-11-20,78,19,6166,664,354,38,21,28050
2021-11-21,78,24,6698,651,273,50,18,28104
2021-11-22,80,26,3667,420,227,39,21,28158
2021-11-23,87,23,4143,461,249,44,22,28222
2021-11-24,73,25,3453,395,203,45,25,28270
2021-11-25,100,16,4304,463,242,48,20,28354
2021-11-26,82,18,3767,574,211,43,23,28418
2021-11-27,79,20,5595,729,327,42,21,28477
2021-11-28,58,24,4972,697,366,50,23,28511
2021-11-29,114,22,3948,508,189,48,22,28603
2021-11-30,85,19,4046,406,212,52,25,28669
2021-12-01,79,21,3801,446,200,38,21,28727
2021-12-02,89,24,3174,500,208,44,23,28792
2021-12-03,92,21,4196,412,205,49,22,28863
2021-12-04,85,24,6652,694,330,46,20,28924
2021-12-05,90,20,5575,591,402,56,24,28994
2021-12-06,95,22,4183,467,243,58,23,29067
2021-12-07,82,21,4555,404,275,52,20,29128
2021-12-08,104,25,4744,471,233,48,21,29207
2021-12-09,71,19,4309,402,227,43,22,29259
2021-12-10,85,21,4080,513,252,38,23,29323
2021-12-11,87,27,6494,682,360,45,18,29383
2021-12-12,71,20,6442,727,369,52,19,29434
2021-12-13,95,25,4092,504,221,46,23,29504
2021-12-14,99,23,4799,515,202,43,21,29580
2021-12-15,93,22,4494,408,244,46,23,29651
2021-12-16,90,23,4575,484,254,44,27,29718
2021-12-17,96,18,4868,518,228,53,21,29796
2021-12-18,86,20,7401,655,289,44,23,29862
2021-12-19,99,20,5965,708,361,47,23,29941
2021-12-20,99,19,4603,474,211,48,22,30021
2021-12-21,86,25,4545,562,215,57,21,30082
2021-12-22,94,23,3931,478,231,45,26,30153
2021-12-23,93,23,4319,404,216,52,22,30223
2021-12-24,95,23,4722,541,237,40,22,30295
2021-12-25,100,21,6718,684,267,47,20,30374
2021-12-26,90,18,7080,577,354,48,23,30446
2021-12-27,103,22,4949,388,223,44,21,30527
2021-12-28,102,24,4429,467,212,55,22,30605
2021-12-29,98,25,4432,513,256,48,22,30678
2021-12-30,96,16,3971,476,231,48,23,30758
2021-12-31,89,21,4486,485,233,46,24,30826
2022-01-01,90,23,7863,651,330,44,26,30893
2022-01-02,71,18,8772,772,376,39,26,30946
2022-01-03,98,27,4370,474,210,45,28,31017
2022-01-04,87,21,4371,511,242,49,18,31083
2022-01-05,97,23,4206,407,243,53,21,31157
2022-01-06,72,26,4169,456,236,53,24,31203
2022-01-07,106,26,4764,420,261,50,22,31283
2022-01-08,89,17,6863,607,364,45,21,31355
2022-01-09,114,23,6690,685,324,40,24,31446
2022-01-10,109,25,5009,464,259,49,20,31530
2022-01-11,97,26,4689,490,216,44,25,31601
2022-01-12,97,24,4927,512,194,42,23,31674
2022-01-13,88,22,4532,470,198,49,20,31740
2022-01-14,107,23,4960,498,235,51,22,31824
2022-01-15,95,21,7529,772,388,37,24,31898
2022-01-16,95,24,7856,693,358,54,23,31969
2022-01-17,99,25,4772,435,217,54,24,32043
2022-01-18,83,26,5999,355,239,49,25,32100
2022-01-19,81,25,5557,512,232,42,20,32156
2022-01-20,90,20,4658,425,267,45,24,32226
2022-01-21,102,24,4377,523,237,45,25,32304
2022-01-22,89,26,7844,798,340,45,19,32367
2022-01-23,82,25,8017,777,321,48,24,32424
2022-01-24,94,19,5652,482,225,47,23,32499
2022-01-25,94,27,5812,426,243,50,21,32566
2022-01-26,104,25,4437,473,268,52,26,32645
2022-01-27,99,24,5120,488,219,51,23,32720
2022-01-28,85,25,6382,530,266,43,21,32780
2022-01-29,100,20,8608,612,363,49,26,32860
2022-01-30,102,21,8157,765,363,49,27,32941
2022-01-31,91,24,5345,480,239,40,23,33008
2022-02-01,106,19,4890,407,271,50,19,33095
2022-02-02,85,20,5417,427,281,49,25,33160
2022-02-03,82,22,5591,342,256,46,23,33220
2022-02-04,111,25,5140,401,248,47,24,33306
2022-02-05,111,21,7723,667,366,54,22,33396
2022-02-06,108,27,10221,757,397,47,23,33477
2022-02-07,102,27,5256,600,284,50,30,33552
2022-02-08,88,23,5498,586,204,48,25,33617
2022-02-09,105,19,5462,486,210,51,23,33703
2022-02-10,94,24,5325,540,231,40,23,33773
2022-02-11,99,25,5379,496,236,45,22,33847
2022-02-12,85,19,8461,756,318,49,21,33913
2022-02-13,96,26,8120,673,376,48,22,33983
2022-02-14,101,27,6419,575,290,54,26,34057
2022-02-15,97,24,4798,515,221,40,25,34130
2022-02-16,119,22,4977,387,248,51,26,34227
2022-02-17,121,24,5272,477,186,55,22,34324
2022-02-18,107,26,6485,517,235,55,21,34405
2022-02-19,95,22,8217,747,342,44,20,34478
2022-02-20,92,28,8872,897,364,47,27,34542
2022-02-21,114,22,5573,456,202,48,27,34634
2022-02-22,84,24,5254,521,198,41,23,34694
2022-02-23,93,26,5519,511,231,50,26,34761
2022-02-24,86,25,5605,451,242,56,22,34822
2022-02-25,107,22,5599,593,209,56,20,34907
2022-02-26,95,26,9291,846,367,35,25,34976
2022-02-27,95,25,9031,814,358,38,23,35046
2022-02-28,95,23,7305,452,209,54,21,35118
2022-03-01,81,24,5811,475,246,52,20,35175
2022-03-02,99,28,6016,568,249,40,24,35246
2022-03-03,115,23,6618,438,219,47,20,35338
2022-03-04,93,28,5589,558,283,50,25,35403
2022-03-05,110,23,8988,715,396,47,21,35490
2022-03-06,105,25,9334,679,384,47,21,35570
2022-03-07,90,29,4910,404,214,51,25,35631
2022-03-08,99,22,5432,405,229,50,23,35708
2022-03-09,101,22,6485,544,240,49,22,35787
2022-03-10,99,25,6005,447,231,51,23,35861
2022-03-11,123,23,6829,540,279,46,26,35961
2022-03-12,77,24,10162,861,340,50,24,36014
2022-03-13,95,26,8182,762,432,45,27,36083
2022-03-14,105,28,6699,491,221,50,25,36160
2022-03-15,101,28,6001,464,217,47,29,36233
2022-03-16,117,24,5360,527,257,53,24,36326
2022-03-17,104,25,7040,543,282,53,26,36405
2022-03-18,102,25,5140,490,264,55,26,36482
2022-03-19,92,22,9472,636,375,47,24,36552
2022-03-20,109,29,7337,808,358,58,27,36632
2022-03-21,107,23,6006,440,284,45,24,36716
2022-03-22,111,25,6514,534,305,51,26,36802
2022-03-23,95,23,6301,504,242,45,22,36874
2022-03-24,117,22,5977,515,243,49,24,36969
2022-03-25,100,24,33010,578,1440,240,95,37045
2022-03-26,106,27,8772,744,441,48,30,37124
2022-03-27,113,28,9444,733,414,49,23,37209
2022-03-28,118,26,6081,542,245,39,30,37301
2022-03-29,102,22,5638,493,265,44,22,37381
2022-03-30,116,26,6967,466,232,44,24,37471
2022-03-31,91,25,5802,564,296,50,20,37537
2022-04-01,117,23,6135,518,262,50,27,37631
2022-04-02,100,23,9770,702,459,54,27,37708
2022-04-03,115,26,7943,733,429,49,29,37797
2022-04-04,109,22,6676,554,249,45,23,37884
2022-04-05,96,25,6754,529,229,62,23,37955
2022-04-06,89,26,5731,405,242,61,26,38018
2022-04-07,109,28,7088,587,231,56,25,38099
2022-04-08,84,27,5878,474,264,49,24,38156
2022-04-09,94,25,8062,757,456,56,24,38225
2022-04-10,112,26,9013,772,384,50,22,38311
2022-04-11,105,24,7373,586,292,51,27,38392
2022-04-12,117,21,6586,557,223,46,28,38488
2022-04-13,88,28,5385,468,260,56,27,38548
2022-04-14,116,32,5241,494,303,53,24,38632
2022-04-15,106,21,5416,530,214,44,26,38717
2022-04-16,76,24,9275,598,378,50,23,38769
2022-04-17,112,29,9716,784,397,48,23,38852
2022-04-18,108,27,6057,472,259,51,28,38933
2022-04-19,123,27,5204,521,259,48,28,39029
2022-04-20,91,27,6101,545,286,49,23,39093
2022-04-21,99,29,6489,529,284,55,27,39163
2022-04-22,105,23,5428,484,291,46,25,39245
2022-04-23,94,25,9729,727,364,46,24,39314
2022-04-24,101,25,10707,817,453,49,29,39390
2022-04-25,110,26,6087,565,287,57,28,39474
2022-04-26,92,31,6227,523,250,47,30,39535
2022-04-27,109,28,5437,526,250,60,26,39616
2022-04-28,104,27,6362,533,276,44,24,39693
2022-04-29,105,27,6246,548,224,56,29,39771
2022-04-30,111,27,8484,805,439,50,28,39855
2022-05-01,103,27,10649,787,406,47,26,39931
2022-05-02,94,27,6322,457,303,46,23,39998
2022-05-03,101,26,6284,431,291,57,30,40073
2022-05-04,124,22,6568,439,233,55,31,40175
2022-05-05,103,28,6289,610,292,51,27,40250
2022-05-06,101,24,5765,500,284,48,25,40327
2022-05-07,105,25,10010,754,436,47,22,40407
2022-05-08,114,27,7360,859,375,62,26,40494
2022-05-09,131,25,6871,520,229,55,23,40600
2022-05-10,118,28,5415,600,284,57,22,40690
2022-05-11,99,27,7095,483,258,57,25,40762
2022-05-12,113,36,5997,577,251,64,27,40839
2022-05-13,113,23,6750,420,248,45,26,40929
2022-05-14,105,28,9008,889,421,50,28,41006
2022-05-15,115,26,8784,730,387,52,24,41095
2022-05-16,118,27,5596,572,292,56,31,41186
2022-05-17,121,29,6116,464,286,60,25,41278
2022-05-18,106,31,5593,598,281,58,26,41353
2022-05-19,109,25,5890,612,283,53,26,41437
2022-05-20,105,27,4952,537,289,51,22,41515
2022-05-21,108,27,10605,808,453,60,32,41596
2022-05-22,117,26,10106,850,390,56,24,41687
2022-05-23,131,24,5998,563,271,53,27,41794
2022-05-24,118,32,5907,621,265,56,25,41880
2022-05-25,108,29,6433,570,271,62,26,41959
2022-05-26,119,28,5473,520,304,57,26,42050
2022-05-27,105,30,7301,549,252,47,28,42125
2022-05-28,126,31,8907,795,274,59,28,42220
2022-05-29,118,28,10367,903,466,53,31,42310
2022-05-30,88,28,6189,627,242,53,27,42370
2022-05-31,91,22,6477,692,251,58,21,42439
2022-06-01,120,28,6000,493,258,53,29,42531
2022-06-02,106,24,5400,527,284,62,31,42613
2022-06-03,120,24,6138,484,294,47,27,42709
2022-06-04,110,30,7963,735,435,56,29,42789
2022-06-05,101,31,7882,1065,382,59,20,42859
2022-06-06,118,27,5727,513,296,57,27,42950
2022-06-07,93,27,6107,559,329,60,22,43016
2022-06-08,105,24,5055,605,260,48,24,43097
2022-06-09,107,27,7741,635,322,52,27,43177
2022-06-10,105,26,5690,550,239,60,27,43256
2022-06-11,113,26,9347,829,433,49,21,43343
2022-06-12,107,25,9384,772,375,42,32,43425
2022-06-13,119,29,6030,453,283,59,27,43515
2022-06-14,121,30,5936,580,237,55,27,43606
2022-06-15,103,25,6332,538,227,49,31,43684
2022-06-16,113,25,5761,470,363,54,27,43772
2022-06-17,123,23,6881,555,250,56,26,43872
2022-06-18,98,32,8253,753,438,53,26,43938
2022-06-19,137,26,8774,720,408,60,29,44049
2022-06-20,104,29,6284,528,271,46,23,44124
2022-06-21,124,27,5175,549,282,54,31,44221
2022-06-22,116,28,4933,577,277,61,30,44309
2022-06-23,112,23,6261,604,280,55,29,44398
2022-06-24,128,26,5491,521,280,65,29,44500
2022-06-25,117,28,8210,753,478,55,24,44589
2022-06-26,128,30,9092,775,399,52,30,44687
2022-06-27,125,28,5458,606,322,56,28,44784
2022-06-28,116,34,5526,668,321,65,30,44866
2022-06-29,113,27,5238,599,288,58,30,44952
2022-06-30,93,29,4770,554,299,51,29,45016
2022-07-01,100,28,5559,603,276,60,27,45088
2022-07-02,101,24,7675,981,468,56,29,45165
2022-07-03,103,26,8129,921,414,49,27,45242
2022-07-04,108,25,4169,431,311,64,26,45325
2022-07-05,119,26,5987,528,305,68,27,45418
2022-07-06,122,23,5328,623,310,53,28,45517
2022-07-07,105,34,4671,635,235,54,28,45588
2022-07-08,121,27,5166,567,285,63,26,45682
2022-07-09,110,32,8312,844,415,47,27,45760
2022-07-10,131,27,7301,928,463,47,29,45864
2022-07-11,120,23,5170,571,285,56,26,45961
2022-07-12,119,26,5858,544,326,53,25,46054
2022-07-13,111,33,5839,524,277,45,28,46132
2022-07-14,104,29,5247,545,252,54,31,46207
2022-07-15,129,27,6163,624,292,58,24,46309
2022-07-16,129,27,6298,769,420,60,31,46411
2022-07-17,103,31,8676,987,448,57,23,46483
2022-07-18,113,29,5665,562,263,54,29,46567
2022-07-19,126,29,5592,567,274,60,24,46664
2022-07-20,121,29,4695,600,311,53,33,46756
2022-07-21,114,27,6002,690,264,60,27,46843
2022-07-22,106,26,5054,545,305,52,31,46923
2022-07-23,113,35,7361,858,454,61,28,47001
2022-07-24,105,28,7750,1011,406,57,26,47078
2022-07-25,107,23,5584,489,299,55,26,47162
2022-07-26,112,23,6272,538,307,53,31,47251
2022-07-27,101,23,5251,479,329,59,31,47329
2022-07-28,111,29,5339,649,290,63,30,47411
2022-07-29,126,31,4937,564,279,62,30,47506
2022-07-30,140,28,7064,877,427,47,30,47618
2022-07-31,122,29,8412,804,403,59,31,47711
2022-08-01,120,25,5980,465,269,61,26,47806
2022-08-02,115,27,6180,620,314,60,31,47894
2022-08-03,110,33,5645,505,286,60,29,47971
2022-08-04,118,29,4811,458,304,53,33,48060
2022-08-05,91,29,6735,619,265,55,26,48122
2022-08-06,102,31,6602,939,418,64,30,48193
2022-08-07,98,29,8373,853,400,64,28,48262
2022-08-08,129,34,5238,563,308,57,27,48357
2022-08-09,140,27,5344,563,283,53,31,48470
2022-08-10,127,26,4737,527,271,55,38,48571
2022-08-11,123,33,5009,580,253,60,35,48661
2022-08-12,101,28,5468,612,269,56,32,48734
2022-08-13,115,25,7196,903,463,53,30,48824
2022-08-14,118,34,7789,819,460,63,27,48908
2022-08-15,108,27,4900,498,305,68,29,48989
2022-08-16,117,30,5093,617,231,55,31,49076
2022-08-17,105,31,4810,628,332,50,29,49150
2022-08-18,105,31,5392,667,314,61,28,49224
2022-08-19,104,30,5577,620,270,59,32,49298
2022-08-20,102,31,6541,807,501,50,33,49369
2022-08-21,123,32,6284,945,402,59,30,49460
2022-08-22,112,26,4894,555,270,67,30,49546
2022-08-23,135,31,5016,645,279,64,26,49650
2022-08-24,117,30,5015,558,332,61,26,49737
2022-08-25,102,30,5298,526,265,52,28,49809
2022-08-26,129,29,5745,623,304,58,29,49909
2022-08-27,123,23,8900,777,459,57,31,50009
2022-08-28,125,30,7618,825,463,59,27,50104
2022-08-29,118,32,4672,590,296,53,29,50190
2022-08-30,123,28,4231,694,299,64,29,50285
2022-08-31,107,27,4851,555,323,45,24,50365
2022-09-01,118,32,5008,548,282,52,29,50451
2022-09-02,126,34,5452,714,302,48,29,50543
2022-09-03,124,29,8333,1060,505,63,26,50638
2022-09-04,116,29,7083,837,360,56,32,50725
2022-09-05,115,30,5159,578,292,62,29,50810
2022-09-06,117,29,3668,567,276,53,30,50898
2022-09-07,107,30,4450,534,302,63,30,50975
2022-09-08,103,25,24253,588,1480,305,140,51053
2022-09-09,120,31,4936,552,278,55,28,51142
2022-09-10,131,27,7559,933,423,50,28,51246
2022-09-11,113,25,8701,955,315,61,34,51334
2022-09-12,115,33,5863,442,280,53,30,51416
2022-09-13,131,28,4596,597,233,64,26,51519
2022-09-14,124,31,5598,520,244,69,33,51612
2022-09-15,105,30,4549,677,296,55,29,51687
2022-09-16,119,33,5257,609,303,56,28,51773
2022-09-17,109,34,7776,1008,406,54,25,51848
2022-09-18,128,38,7520,874,415,65,29,51938
2022-09-19,116,27,5662,555,303,63,33,52027
2022-09-20,88,32,4686,612,322,64,28,52083
2022-09-21,145,27,4560,516,346,55,32,52201
2022-09-22,115,27,4763,640,301,48,34,52289
2022-09-23,134,29,4999,646,348,61,26,52394
2022-09-24,128,27,6520,799,408,61,29,52495
2022-09-25,131,29,7567,1047,579,52,29,52597
2022-09-26,114,26,5149,683,272,65,32,52685
2022-09-27,133,29,5121,587,342,61,27,52789
2022-09-28,132,32,5353,562,334,49,36,52889
2022-09-29,111,33,4866,479,339,65,32,52967
2022-09-30,114,33,5901,618,253,61,32,53048
2022-10-01,138,30,8421,838,433,58,26,53156
2022-10-02,119,36,7706,829,420,60,30,53239
2022-10-03,132,33,5151,664,318,62,30,53338
2022-10-04,127,31,5140,715,297,57,29,53434
2022-10-05,103,27,5106,562,327,52,31,53510
2022-10-06,138,33,5151,556,340,59,31,53615
2022-10-07,111,29,4858,716,313,67,30,53697
2022-10-08,135,36,7456,924,462,57,34,53796
2022-10-09,130,31,5725,991,444,60,30,53895
2022-10-10,91,24,4847,540,304,62,30,53962
2022-10-11,118,33,5276,751,317,54,28,54047
2022-10-12,121,30,5117,556,357,62,35,54138
2022-10-13,125,26,4556,597,300,67,30,54237
2022-10-14,124,34,4070,647,314,66,26,54327
2022-10-15,129,29,5817,919,391,67,32,54427
2022-10-16,123,34,6373,919,366,59,30,54516
2022-10-17,136,40,4872,671,287,60,31,54612
2022-10-18,120,26,4727,609,286,73,32,54706
2022-10-19,126,30,5466,577,314,63,33,54802
2022-10-20,105,32,4459,679,293,53,31,54875
2022-10-21,116,33,3876,527,252,67,30,54958
2022-10-22,125,32,8175,834,489,68,29,55051
2022-10-23,137,32,7150,997,448,51,30,55156
2022-10-24,147,32,5583,649,321,60,32,55271
2022-10-25,106,36,4245,634,367,55,31,55341
2022-10-26,99,30,5032,628,283,58,32,55410
2022-10-27,134,31,4909,659,326,71,29,55513
2022-10-28,122,31,4890,681,307,70,30,55604
2022-10-29,148,26,7229,987,453,81,28,55726
2022-10-30,119,33,7301,1108,445,61,30,55812
2022-10-31,111,33,5127,569,339,60,28,55890
2022-11-01,115,33,4344,526,357,65,36,55972
2022-11-02,125,28,5415,554,321,75,24,56069
2022-11-03,123,34,4824,628,311,65,34,56158
2022-11-04,164,32,4716,593,319,68,26,56290
2022-11-05,126,33,7739,958,462,56,24,56383
2022-11-06,136,31,8279,1042,352,69,29,56488
2022-11-07,112,29,4544,544,319,52,22,56571
2022-11-08,124,31,5158,616,309,59,30,56664
2022-11-09,126,28,4859,724,302,64,34,56762
2022-11-10,140,32,5245,733,277,63,36,56870
2022-11-11,110,29,5473,605,364,57,35,56951
2022-11-12,136,36,7781,1126,475,61,32,57051
2022-11-13,133,31,8225,958,499,55,35,57153
2022-11-14,100,31,6316,590,325,62,30,57222
2022-11-15,121,30,5933,618,386,55,31,57313
2022-11-16,129,25,5878,611,361,62,34,57417
2022-11-17,136,31,4851,597,330,77,32,57522
2022-11-18,138,27,5793,650,321,69,35,57633
2022-11-19,154,34,7931,1180,469,63,29,57753
2022-11-20,104,31,8412,963,417,60,33,57826
2022-11-21,123,31,5766,570,326,70,30,57918
2022-11-22,113,27,5268,755,365,61,35,58004
2022-11-23,115,28,5277,678,351,61,31,58091
2022-11-24,141,32,5756,649,315,61,35,58200
2022-11-25,119,28,5196,606,357,55,30,58291
2022-11-26,113,31,9389,1117,466,68,31,58373
2022-11-27,115,34,7902,1005,495,68,30,58454
2022-11-28,103,35,5088,601,365,70,29,58522
2022-11-29,140,30,6666,656,364,66,29,58632
2022-11-30,133,36,5105,638,337,71,31,58729
2022-12-01,148,37,6313,622,285,67,25,58840
2022-12-02,145,30,5397,667,356,66,26,58955
2022-12-03,129,32,10236,1075,586,63,29,59052
2022-12-04,144,37,9684,1063,436,71,30,59159
2022-12-05,141,43,5966,677,306,74,31,59257
2022-12-06,134,30,7374,584,322,60,26,59361
2022-12-07,141,32,5774,701,344,57,37,59470
2022-12-08,123,27,6512,508,296,56,35,59566
2022-12-09,144,35,5215,701,336,70,29,59675
2022-12-10,137,30,8842,1000,415,66,29,59782
2022-12-11,123,33,8615,1054,462,71,33,59872
2022-12-12,127,30,5824,710,375,71,27,59969
2022-12-13,134,24,6748,638,347,62,26,60079
2022-12-14,136,32,6580,658,322,74,39,60183
2022-12-15,95,31,5362,614,304,70,35,60247
2022-12-16,127,32,5267,640,329,62,32,60342
2022-12-17,125,29,10165,792,444,63,33,60438
2022-12-18,142,24,9147,978,549,74,30,60556
2022-12-19,128,29,6893,719,304,63,33,60655
2022-12-20,119,31,7167,660,319,59,39,60743
2022-12-21,138,33,5779,605,320,65,35,60848
2022-12-22,131,30,5269,595,361,62,35,60949
2022-12-23,124,32,6937,701,320,61,37,61041
2022-12-24,139,34,9014,892,549,57,36,61146
2022-12-25,105,33,8711,1002,513,67,37,61218
2022-12-26,133,39,6878,754,351,62,38,61312
2022-12-27,110,29,7291,750,334,74,31,61393
2022-12-28,105,32,6240,741,354,71,27,61466
2022-12-29,133,31,5944,807,366,59,32,61568
2022-12-30,129,35,6371,628,335,53,36,61662
2022-12-31,117,33,10320,1123,577,56,31,61746
2023-01-01,130,32,9538,1066,417,62,30,61844
2023-01-02,102,35,6377,774,370,55,30,61911
2023-01-03,122,33,6066,576,339,70,37,62000
2023-01-04,165,33,7528,681,321,60,32,62132
2023-01-05,126,33,7283,634,319,65,33,62225
2023-01-06,146,31,7718,628,389,56,31,62340
2023-01-07,138,34,9490,901,531,85,33,62444
2023-01-08,149,34,10111,1135,492,70,33,62559
2023-01-09,119,32,7641,614,368,59,29,62646
2023-01-10,140,33,8179,618,323,64,36,62753
2023-01-11,137,35,7475,770,352,73,35,62855
2023-01-12,144,25,7148,622,362,61,35,62974
2023-01-13,128,30,7945,576,338,76,28,63072
2023-01-14,133,30,9883,1006,463,70,38,63175
2023-01-15,123,29,10169,885,571,66,35,63269
2023-01-16,129,33,7364,676,326,71,36,63365
2023-01-17,124,37,7034,687,380,74,32,63452
2023-01-18,137,38,6769,706,329,75,41,63551
2023-01-19,119,40,8597,741,299,59,31,63630
2023-01-20,152,30,7599,711,274,57,32,63752
2023-01-21,122,30,12195,1075,468,73,32,63844
2023-01-22,139,38,10274,1117,531,62,30,63945
2023-01-23,131,33,8164,661,338,64,37,64043
2023-01-24,165,41,6429,719,361,65,32,64167
2023-01-25,134,29,7809,577,346,63,40,64272
2023-01-26,153,40,6847,692,322,65,37,64385
2023-01-27,135,28,9031,766,295,64,31,64492
2023-01-28,139,30,10576,900,504,74,37,64601
2023-01-29,153,35,10075,1143,564,72,35,64719
2023-01-30,123,34,7374,688,295,65,33,64808
2023-01-31,118,31,7842,671,307,70,26,64895
2023-02-01,156,31,9013,706,346,67,28,65020
2023-02-02,143,34,6186,647,268,60,32,65129
2023-02-03,153,36,7870,624,280,69,34,65246
2023-02-04,121,29,9664,1099,525,59,31,65338
2023-02-05,145,34,11055,1213,481,58,34,65449
2023-02-06,114,32,7977,642,309,65,35,65531
2023-02-07,160,27,7848,620,368,63,35,65664
2023-02-08,130,33,6884,720,336,64,37,65761
2023-02-09,148,29,7344,582,302,67,33,65880
2023-02-10,137,33,7168,647,372,74,32,65984
2023-02-11,129,34,10406,940,555,55,37,66079
2023-02-12,143,32,12381,1066,531,69,27,66190
2023-02-13,143,37,9037,717,360,81,31,66296
2023-02-14,134,30,6604,763,411,62,30,66400
2023-02-15,119,33,6490,652,336,67,36,66486
2023-02-16,132,28,8109,586,305,76,37,66590
2023-02-17,128,30,6830,660,374,75,33,66688
2023-02-18,132,35,10234,1086,529,67,36,66785
2023-02-19,136,28,12091,924,598,73,29,66893
2023-02-20,155,33,8371,608,438,63,35,67015
2023-02-21,136,34,8162,670,317,76,33,67117
2023-02-22,136,34,9609,598,359,63,33,67219
2023-02-23,129,36,7833,658,333,72,33,67312
2023-02-24,132,39,7194,662,283,55,36,67405
2023-02-25,146,33,12303,843,480,61,30,67518
2023-02-26,138,41,13225,904,484,71,34,67615
2023-02-27,131,33,8346,675,386,78,37,67713
2023-02-28,125,33,7776,821,373,70,30,67805
2023-03-01,136,33,7636,651,317,69,36,67908
2023-03-02,139,32,8509,664,336,81,39,68015
2023-03-03,141,35,9044,799,296,62,36,68121
2023-03-04,118,35,10962,1147,516,53,39,68204
2023-03-05,136,35,12861,1093,550,81,36,68305
2023-03-06,144,30,7350,704,402,59,27,68419
2023-03-07,127,39,7660,682,362,56,32,68507
2023-03-08,145,34,7135,796,351,69,28,68618
2023-03-09,135,37,7690,677,353,66,34,68716
2023-03-10,121,31,8341,789,385,70,31,68806
2023-03-11,173,36,11094,1062,606,70,44,68943
2023-03-12,142,41,11109,945,483,67,34,69044
2023-03-13,137,34,8919,715,377,78,39,69147
2023-03-14,145,37,8433,706,353,77,33,69255
2023-03-15,126,38,9197,824,360,68,33,69343
2023-03-16,169,37,6955,661,280,81,34,69475
2023-03-17,139,38,8749,665,396,68,36,69576
2023-03-18,153,32,12653,1090,466,70,35,69697
2023-03-19,125,35,12098,1086,589,74,33,69787
2023-03-20,164,34,8010,864,453,67,34,69917
2023-03-21,118,37,8513,672,372,70,34,69998
2023-03-22,165,32,7860,652,423,71,37,70131
2023-03-23,149,31,9113,640,341,74,31,70249
2023-03-24,146,32,9989,848,344,80,39,70363
2023-03-25,175,39,11187,1017,567,78,32,70499
2023-03-26,151,42,14264,1179,553,79,40,70608
2023-03-27,166,37,7046,672,402,74,40,70737
2023-03-28,146,34,8643,582,306,64,32,70849
2023-03-29,170,36,8726,650,399,73,36,70983
2023-03-30,137,38,8866,718,373,61,42,71082
2023-03-31,143,35,9260,715,406,78,33,71190
2023-04-01,148,42,11717,940,549,80,36,71296
2023-04-02,170,32,12857,1086,586,74,38,71434
2023-04-03,137,36,8500,520,362,74,39,71535
2023-04-04,172,34,9614,729,350,71,31,71673
2023-04-05,142,36,8856,765,340,66,33,71779
2023-04-06,139,30,7703,698,331,67,30,71888
2023-04-07,155,37,7161,798,324,67,36,72006
2023-04-08,173,31,11474,996,634,76,37,72148
2023-04-09,138,29,12490,1221,418,66,35,72257
2023-04-10,150,33,8714,734,377,68,38,72374
2023-04-11,147,36,8780,698,336,78,36,72485
2023-04-12,116,31,9844,781,389,69,39,72570
2023-04-13,197,35,7963,796,320,67,35,72732
2023-04-14,124,40,8298,830,337,76,33,72816
2023-04-15,136,37,16694,1062,481,79,37,72915
2023-04-16,156,44,15049,954,642,70,38,73027
2023-04-17,160,34,8822,662,358,78,39,73153
2023-04-18,160,37,7901,796,398,72,38,73276
2023-04-19,150,27,9603,685,311,70,32,73399
2023-04-20,153,37,8647,681,391,77,38,73515
2023-04-21,131,41,9185,655,379,71,38,73605
2023-04-22,131,37,11661,1021,631,72,32,73699
2023-04-23,144,39,12939,966,627,80,41,73804
2023-04-24,137,34,8796,765,325,74,37,73907
2023-04-25,131,36,7843,676,387,75,37,74002
2023-04-26,129,44,9317,722,454,61,33,74087
2023-04-27,158,35,11063,856,366,66,42,74210
2023-04-28,139,35,8698,750,334,64,35,74314
2023-04-29,155,42,13868,1176,601,72,36,74427
2023-04-30,153,31,13272,1087,483,72,33,74549
2023-05-01,158,37,7290,790,324,69,38,74670
2023-05-02,135,31,9502,817,342,65,35,74774
2023-05-03,147,40,9698,724,371,64,39,74881
2023-05-04,141,35,10040,753,350,62,37,74987
2023-05-05,149,36,9485,643,350,79,44,75100
2023-05-06,167,35,14366,1024,600,78,34,75232
2023-05-07,157,31,12396,1083,601,65,40,75358
2023-05-08,161,33,9143,596,367,74,35,75486
2023-05-09,165,39,8647,773,337,62,30,75612
2023-05-10,118,36,7635,833,365,82,37,75694
2023-05-11,161,31,8680,799,337,65,38,75824
2023-05-12,175,33,8487,749,408,78,30,75966
2023-05-13,158,32,13331,1123,546,64,33,76092
2023-05-14,109,33,12693,1222,474,83,28,76168
2023-05-15,164,36,8657,736,344,70,30,76296
2023-05-16,133,36,8719,691,348,74,41,76393
2023-05-17,150,35,8997,873,373,73,28,76508
2023-05-18,140,36,8697,771,320,69,32,76612
2023-05-19,148,32,7480,767,371,71,36,76728
2023-05-20,140,37,12839,1110,640,83,34,76831
2023-05-21,161,35,13788,1060,546,74,39,76957
2023-05-22,154,33,9508,774,420,74,37,77078
2023-05-23,168,35,10004,759,352,56,45,77211
2023-05-24,142,31,8404,670,409,81,35,77322
2023-05-25,109,37,8939,698,309,66,37,77394
2023-05-26,142,31,7200,737,387,86,32,77505
2023-05-27,154,33,13030,1177,568,74,38,77626
2023-05-28,145,29,12564,1374,511,69,31,77742
2023-05-29,163,35,9161,742,392,69,35,77870
2023-05-30,138,32,6289,674,394,89,46,77976
2023-05-31,148,38,7176,803,377,77,37,78086
2023-06-01,146,37,8355,809,375,73,41,78195
2023-06-02,185,40,7406,823,400,86,33,78340
2023-06-03,161,39,14526,1132,532,67,32,78462
2023-06-04,135,42,15294,1116,634,78,47,78555
2023-06-05,180,31,8122,823,389,84,32,78704
2023-06-06,160,36,9493,822,356,83,40,78828
2023-06-07,158,35,9302,804,406,92,40,78951
2023-06-08,171,37,6920,698,343,67,34,79085
2023-06-09,140,35,5780,827,408,81,34,79190
2023-06-10,144,39,13680,1239,520,60,34,79295
2023-06-11,143,42,12628,1011,598,86,32,79396
2023-06-12,153,37,6814,724,403,64,38,79512
2023-06-13,157,42,8836,847,388,60,34,79627
2023-06-14,166,40,7535,755,433,65,37,79753
2023-06-15,155,34,7648,720,366,81,41,79874
2023-06-16,153,38,7629,824,414,68,36,79989
2023-06-17,122,39,9979,1251,574,71,37,80072
2023-06-18,143,38,11963,1314,540,64,37,80177
2023-06-19,162,37,7671,731,347,62,33,80302
2023-06-20,137,42,6835,835,327,84,38,80397
2023-06-21,139,36,7473,795,406,82,43,80500
2023-06-22,131,48,8624,853,366,66,36,80583
2023-06-23,172,39,7386,737,352,68,34,80716
2023-06-24,157,33,10991,1171,630,76,37,80840
2023-06-25,154,41,11768,997,562,65,27,80953
2023-06-26,121,40,6327,941,351,84,33,81034
2023-06-27,157,41,7735,571,380,71,40,81150
2023-06-28,148,38,6998,783,372,74,36,81260
2023-06-29,168,34,7874,646,357,87,36,81394
2023-06-30,143,34,7341,747,312,74,38,81503
2023-07-01,149,32,11077,1030,624,79,37,81620
2023-07-02,157,36,9509,1051,571,80,41,81741
2023-07-03,185,32,7912,793,391,79,35,81894
2023-07-04,144,37,7726,753,265,85,43,82001
2023-07-05,166,40,7869,875,417,82,33,82127
2023-07-06,141,39,7470,853,369,85,34,82229
2023-07-07,161,41,8216,740,312,73,35,82349
2023-07-08,152,45,11206,1051,558,92,39,82456
2023-07-09,173,41,10516,1114,525,86,29,82588
2023-07-10,146,36,9049,743,357,71,43,82698
2023-07-11,165,44,8445,787,469,70,36,82819
2023-07-12,162,45,7510,665,387,77,35,82936
2023-07-13,125,37,6288,710,394,84,46,83024
2023-07-14,151,42,7111,785,437,61,39,83133
2023-07-15,138,44,11593,1170,565,70,42,83227
2023-07-16,147,43,10633,1141,549,84,32,83331
2023-07-17,154,41,6657,776,383,82,40,83444
2023-07-18,141,42,7300,775,389,85,38,83543
2023-07-19,130,44,6796,862,421,79,34,83629
2023-07-20,149,35,7488,774,362,84,34,83743
2023-07-21,167,48,7123,768,329,74,42,83862
2023-07-22,160,35,12553,1210,508,80,44,83987
2023-07-23,153,43,10334,1113,621,75,37,84097
2023-07-24,142,31,6796,827,441,72,40,84208
2023-07-25,144,42,8332,830,397,73,36,84310
2023-07-26,146,34,7141,798,424,74,39,84422
2023-07-27,160,38,7650,903,340,76,40,84544
2023-07-28,136,37,6565,768,420,70,36,84643
2023-07-29,191,39,11022,1077,564,78,37,84795
2023-07-30,194,37,8949,1069,510,78,34,84952
2023-07-31,169,36,7048,932,376,91,37,85085
2023-08-01,166,42,6703,894,404,74,36,85209
2023-08-02,152,32,6819,818,340,84,43,85329
2023-08-03,151,38,5883,806,408,81,41,85442
2023-08-04,149,46,4122,861,423,93,39,85545
2023-08-05,160,42,9242,1278,675,86,37,85663
2023-08-06,136,36,9980,1242,651,74,35,85763
2023-08-07,173,40,7638,671,394,79,43,85896
2023-08-08,157,43,7347,744,391,66,39,86010
2023-08-09,178,40,6476,873,468,88,40,86148
2023-08-10,141,35,7498,883,351,81,41,86254
2023-08-11,125,36,6314,859,433,80,43,86343
2023-08-12,158,38,11514,1104,526,79,48,86463
2023-08-13,190,37,10929,1378,576,81,36,86616
2023-08-14,163,45,7237,888,372,84,39,86734
2023-08-15,156,43,5977,856,407,72,44,86847
2023-08-16,155,38,6716,686,465,79,40,86964
2023-08-17,120,39,30537,779,2340,470,230,87045
2023-08-18,177,36,5842,661,374,74,35,87186
2023-08-19,142,40,9465,1195,645,74,37,87288
2023-08-20,172,36,10436,1153,525,71,35,87424
2023-08-21,172,37,5808,845,331,89,42,87559
2023-08-22,151,43,7270,820,365,64,36,87667
2023-08-23,143,40,6788,843,368,84,43,87770
2023-08-24,168,37,7159,705,420,81,38,87901
2023-08-25,115,39,6378,795,355,80,39,87977
2023-08-26,162,35,10785,1059,732,77,46,88104
2023-08-27,167,44,10500,1185,736,90,45,88227
2023-08-28,145,38,7209,834,370,80,41,88334
2023-08-29,146,44,6803,707,403,78,41,88436
2023-08-30,158,34,6596,753,424,83,38,88560
2023-08-31,168,38,6639,869,356,79,38,88690
2023-09-01,157,38,6517,860,400,81,38,88809
2023-09-02,171,38,9900,1153,522,85,42,88942
2023-09-03,175,33,8902,1312,670,85,35,89084
2023-09-04,156,46,5541,690,465,82,42,89194
2023-09-05,138,36,6262,805,391,103,47,89296
2023-09-06,150,43,5262,811,313,73,44,89403
2023-09-07,158,41,6450,779,400,77,36,89520
2023-09-08,194,36,6327,826,355,82,41,89678
2023-09-09,170,35,12128,1050,601,69,44,89813
2023-09-10,161,41,10415,1074,676,82,40,89933
2023-09-11,193,36,6301,911,358,94,39,90090
2023-09-12,157,44,5421,714,415,79,41,90203
2023-09-13,185,37,7006,817,395,68,35,90351
2023-09-14,155,47,7164,906,457,74,45,90459
2023-09-15,119,40,7052,760,500,90,33,90538
2023-09-16,131,45,9378,1284,645,95,40,90624
2023-09-17,158,48,11808,1003,633,68,33,90734
2023-09-18,163,43,6757,918,471,64,37,90854
2023-09-19,157,45,7280,804,335,79,34,90966
2023-09-20,158,39,6273,683,369,72,37,91085
2023-09-21,167,51,6240,905,424,82,38,91201
2023-09-22,180,40,5744,744,362,74,37,91341
2023-09-23,151,36,9290,1302,552,94,40,91456
2023-09-24,163,39,7338,1381,640,89,42,91580
2023-09-25,168,38,6496,709,436,79,37,91710
2023-09-26,148,41,5612,767,442,68,39,91817
2023-09-27,149,42,6926,753,415,89,47,91924
2023-09-28,157,37,6643,809,424,90,41,92044
2023-09-29,163,40,5067,705,442,86,33,92167
2023-09-30,173,45,11562,1132,610,88,38,92295
2023-10-01,175,40,11029,1045,639,88,38,92430
2023-10-02,174,43,5577,750,440,93,42,92561
2023-10-03,177,40,6449,702,396,92,48,92698
2023-10-04,157,38,5207,846,427,89,38,92817
2023-10-05,153,43,6671,798,318,73,38,92927
2023-10-06,162,33,6560,775,434,84,39,93056
2023-10-07,137,35,11241,1123,586,86,42,93158
2023-10-08,193,41,10785,1201,556,78,44,93310
2023-10-09,140,39,6184,864,368,93,40,93411
2023-10-10,188,41,6285,783,372,83,42,93558
2023-10-11,155,42,6953,926,379,79,39,93671
2023-10-12,143,43,5949,778,387,87,37,93771
2023-10-13,181,48,5888,897,412,80,46,93904
2023-10-14,165,40,9244,1105,667,70,38,94029
2023-10-15,168,36,10109,1243,630,75,47,94161
2023-10-16,161,44,6488,779,469,96,38,94278
2023-10-17,137,44,7745,755,426,75,43,94371
2023-10-18,173,46,5364,859,422,81,47,94498
2023-10-19,191,36,7332,770,359,77,43,94653
2023-10-20,160,41,7177,641,377,94,39,94772
2023-10-21,166,50,9272,1171,618,81,42,94888
2023-10-22,136,45,10634,1515,643,92,40,94979
2023-10-23,161,47,5740,670,462,86,44,95093
2023-10-24,171,37,6476,697,433,91,37,95227
2023-10-25,154,42,6992,803,366,91,39,95339
2023-10-26,153,38,6704,822,427,91,40,95454
2023-10-27,136,42,6996,902,502,89,43,95548
2023-10-28,152,43,9610,1165,633,82,48,95657
2023-10-29,172,42,10390,1291,625,103,42,95787
2023-10-30,173,40,7520,899,446,82,43,95920
2023-10-31,177,40,7378,851,326,90,42,96057
2023-11-01,154,47,6961,780,462,75,48,96164
2023-11-02,170,40,6098,844,354,97,40,96294
2023-11-03,149,46,7266,811,356,84,37,96397
2023-11-04,170,41,8964,1234,657,82,39,96526
2023-11-05,177,45,7288,1210,729,87,51,96658
2023-11-06,171,33,7046,574,431,84,40,96796
2023-11-07,171,35,6151,885,433,74,43,96932
2023-11-08,193,41,6708,850,412,79,37,97084
2023-11-09,167,39,7387,801,416,78,40,97212
2023-11-10,144,45,6793,652,398,87,40,97311
2023-11-11,147,45,10012,1422,600,70,39,97413
2023-11-12,151,43,10563,1375,631,92,40,97521
2023-11-13,176,47,6563,807,468,89,46,97650
2023-11-14,172,34,6941,758,415,80,36,97788
2023-11-15,187,44,5472,790,435,89,43,97931
2023-11-16,156,40,6080,739,476,72,34,98047
2023-11-17,167,41,7584,812,375,81,42,98173
2023-11-18,145,40,9266,1170,456,81,40,98278
2023-11-19,141,43,10638,1129,573,82,39,98376
2023-11-20,183,38,7416,831,459,89,40,98521
2023-11-21,203,39,8244,727,387,93,48,98685
2023-11-22,157,51,7072,825,463,81,43,98791
2023-11-23,183,38,6662,770,417,94,41,98936
2023-11-24,190,43,6575,822,385,88,44,99083
2023-11-25,160,43,11542,1227,652,87,43,99200
2023-11-26,175,37,11823,1345,598,80,42,99338
2023-11-27,163,39,8622,940,387,88,39,99462
2023-11-28,146,36,6646,733,381,91,37,99572
2023-11-29,169,44,6814,859,484,90,52,99697
2023-11-30,141,44,6998,740,394,82,49,99794
2023-12-01,174,34,6591,799,407,87,42,99934
2023-12-02,172,41,11923,1134,699,94,47,100065
2023-12-03,177,46,10161,1209,582,99,40,100196
2023-12-04,149,41,7769,821,416,72,40,100304
2023-12-05,166,39,8333,749,391,84,43,100431
2023-12-06,188,40,6591,843,337,82,36,100579
2023-12-07,155,46,6985,831,392,74,44,100688
2023-12-08,189,48,8444,824,451,95,37,100829
2023-12-09,153,41,12209,1350,607,92,39,100941
2023-12-10,148,39,11534,1243,567,96,42,101050
2023-12-11,205,45,9511,872,397,77,38,101210
2023-12-12,194,42,6050,756,386,96,38,101362
2023-12-13,121,42,8209,879,419,79,44,101441
2023-12-14,193,43,8074,1109,370,110,43,101591
2023-12-15,166,41,7197,844,376,85,46,101716
2023-12-16,177,40,11547,1120,714,89,42,101853
2023-12-17,173,46,10241,1351,754,87,47,101980
2023-12-18,171,48,8054,843,464,84,47,102103
2023-12-19,181,49,8162,899,470,60,40,102235
2023-12-20,175,36,8562,783,460,90,50,102374
2023-12-21,172,47,7834,852,346,88,40,102499
2023-12-22,155,35,8651,773,407,73,46,102619
2023-12-23,159,48,8819,1282,636,94,50,102730
2023-12-24,195,43,13412,1176,597,67,46,102882
2023-12-25,167,46,9296,852,423,108,47,103003
2023-12-26,151,40,8069,951,453,81,43,103114
2023-12-27,166,46,7033,924,393,75,46,103234
2023-12-28,187,41,8749,846,446,86,48,103380
2023-12-29,170,41,6895,792,395,75,44,103509
2023-12-30,190,40,10399,1344,562,75,45,103659
2023-12-31,158,51,10744,979,667,97,38,103766
2024-01-01,171,39,8557,804,462,85,34,103898
2024-01-02,161,38,8311,868,392,80,49,104021
2024-01-03,188,36,7797,1009,387,79,39,104173
2024-01-04,176,41,7817,662,437,92,47,104308
2024-01-05,212,36,8037,797,393,84,45,104484
2024-01-06,151,37,14720,1479,619,81,32,104598
2024-01-07,192,39,14369,1324,651,74,36,104751
2024-01-08,174,40,7811,739,394,77,43,104885
2024-01-09,163,45,8220,938,432,84,41,105003
2024-01-10,163,43,8028,941,395,91,48,105123
2024-01-11,163,48,8735,739,454,90,36,105238
2024-01-12,190,44,8630,801,459,74,48,105384
2024-01-13,176,35,14636,1311,835,84,49,105525
2024-01-14,154,36,14514,1473,582,72,45,105643
2024-01-15,163,36,8940,893,366,77,42,105770
2024-01-16,191,43,9311,824,437,78,43,105918
2024-01-17,170,43,9221,908,470,95,39,106045
2024-01-18,187,48,9417,846,427,95,40,106184
2024-01-19,193,44,10940,869,360,86,38,106333
2024-01-20,183,38,13708,1543,732,91,43,106478
2024-01-21,135,44,12776,1306,690,95,43,106569
2024-01-22,167,45,10054,900,443,82,40,106691
2024-01-23,190,44,9269,837,428,92,46,106837
2024-01-24,199,43,8977,800,517,96,47,106993
2024-01-25,188,44,10028,779,471,82,40,107137
2024-01-26,187,44,11013,897,449,90,53,107280
2024-01-27,174,41,14203,1641,646,81,54,107413
2024-01-28,185,41,16496,1399,598,85,39,107557
2024-01-29,167,43,9323,892,359,98,40,107681
2024-01-30,187,44,8916,851,356,82,49,107824
2024-01-31,169,47,10483,859,515,78,44,107946
2024-02-01,140,44,8691,943,436,87,46,108042
2024-02-02,200,41,10667,872,386,83,38,108201
2024-02-03,175,48,14967,985,637,99,40,108328
2024-02-04,156,40,12926,1531,585,69,41,108444
2024-02-05,174,45,9686,854,481,88,38,108573
2024-02-06,184,39,8939,881,411,96,38,108718
2024-02-07,160,42,11248,928,518,94,39,108836
2024-02-08,196,41,9006,861,424,82,46,108991
2024-02-09,162,37,9113,858,427,93,42,109116
2024-02-10,172,44,16377,1666,718,99,33,109244
2024-02-11,202,47,14851,1368,688,94,40,109399
2024-02-12,202,47,8973,910,458,79,41,109554
2024-02-13,184,49,11319,796,510,99,47,109689
2024-02-14,187,45,9940,791,420,103,45,109831
2024-02-15,186,46,10906,866,432,72,42,109971
2024-02-16,165,36,45613,817,2235,440,225,110100
2024-02-17,189,44,16053,1389,735,96,37,110245
2024-02-18,179,46,16635,1374,670,90,55,110378
2024-02-19,182,47,12124,937,468,96,39,110513
2024-02-20,182,47,10271,892,535,93,46,110648
2024-02-21,159,44,10674,921,510,89,42,110763
2024-02-22,158,44,9758,931,465,87,45,110877
2024-02-23,182,44,12119,867,437,82,45,111015
2024-02-24,168,47,14708,1443,672,87,48,111136
2024-02-25,160,45,16191,1185,534,81,43,111251
2024-02-26,177,44,10803,860,389,96,47,111384
2024-02-27,203,42,10497,845,455,80,45,111545
2024-02-28,172,41,10639,833,481,93,45,111676
2024-02-29,172,38,8460,760,477,101,41,111810
2024-03-01,196,40,9965,857,476,90,48,111966
2024-03-02,189,42,16775,1707,643,101,36,112113
2024-03-03,182,47,16952,1269,696,98,47,112248
2024-03-04,166,44,10026,1015,539,77,43,112370
2024-03-05,169,44,8520,974,466,86,46,112495
2024-03-06,170,43,11917,874,474,91,47,112622
2024-03-07,172,47,10888,871,458,83,43,112747
2024-03-08,185,47,11041,1017,426,86,46,112885
2024-03-09,165,51,16142,1386,648,88,44,112999
2024-03-10,137,35,18664,1459,684,99,49,113101
2024-03-11,175,46,10847,809,478,107,49,113230
2024-03-12,186,44,9419,807,371,99,47,113372
2024-03-13,158,37,11700,920,457,102,39,113493
2024-03-14,175,38,11724,925,517,86,49,113630
2024-03-15,182,49,11570,941,594,84,45,113763
2024-03-16,168,46,15975,1335,681,80,48,113885
2024-03-17,195,42,16848,1276,588,95,41,114038
2024-03-18,210,37,12687,974,468,108,51,114211
2024-03-19,195,48,11200,975,418,78,44,114358
2024-03-20,176,48,8065,875,379,92,42,114486
2024-03-21,151,44,12703,986,425,101,37,114593
2024-03-22,195,40,10876,701,424,101,45,114748
2024-03-23,183,46,17239,1357,753,102,42,114885
2024-03-24,164,46,16027,1114,628,87,43,115003
2024-03-25,158,52,10620,981,436,97,50,115109
2024-03-26,199,53,12272,1012,464,92,41,115255
2024-03-27,208,54,13260,1099,383,76,42,115409
2024-03-28,173,46,11875,975,353,92,44,115536
2024-03-29,176,42,10233,915,360,91,46,115670
2024-03-30,162,36,17162,1482,775,88,46,115796
2024-03-31,203,45,15330,1153,790,97,49,115954
2024-04-01,206,44,11697,889,446,73,36,116116
2024-04-02,196,41,9507,905,476,93,48,116271
2024-04-03,179,43,10038,790,452,89,50,116407
2024-04-04,170,45,9574,865,517,84,44,116532
2024-04-05,161,41,11262,1002,573,84,44,116652
2024-04-06,192,44,18002,1555,781,88,40,116800
2024-04-07,150,48,18323,1116,708,100,53,116902
2024-04-08,202,47,10901,1088,446,88,54,117057
2024-04-09,213,39,10721,800,489,82,40,117231
2024-04-10,171,42,10208,947,438,76,42,117360
2024-04-11,199,37,10022,928,490,97,41,117522
2024-04-12,200,52,10616,917,496,99,46,117670
2024-04-13,206,53,16955,1464,556,97,43,117823
2024-04-14,220,39,15229,1413,748,101,50,118004
2024-04-15,226,50,11053,890,396,91,42,118180
2024-04-16,171,43,9855,830,447,94,43,118308
2024-04-17,174,47,10956,1053,422,103,39,118435
2024-04-18,186,48,9575,891,443,98,48,118573
2024-04-19,214,45,11356,902,508,94,49,118742
2024-04-20,228,49,16440,1248,685,92,47,118921
2024-04-21,187,37,17935,1480,667,94,43,119071
2024-04-22,168,45,9247,948,490,84,51,119194
2024-04-23,205,44,12615,887,399,107,42,119355
2024-04-24,151,44,10661,783,433,104,45,119462
2024-04-25,191,51,12096,908,466,76,51,119602
2024-04-26,202,39,11680,1150,565,102,54,119765
2024-04-27,180,40,17543,1284,736,92,47,119905
2024-04-28,148,43,14542,1407,681,87,47,120010
2024-04-29,173,45,9366,910,446,96,44,120138
2024-04-30,181,47,9623,856,445,102,47,120272
2024-05-01,157,52,11981,999,451,93,49,120377
2024-05-02,160,55,11938,806,478,96,40,120482
2024-05-03,188,45,9609,995,453,69,39,120625
2024-05-04,146,56,15927,1287,756,95,43,120715
2024-05-05,172,42,17576,1512,757,102,34,120845
2024-05-06,164,42,7969,913,416,113,43,120967
2024-05-07,190,42,12015,958,413,93,53,121115
2024-05-08,185,50,10444,789,475,75,42,121250
2024-05-09,191,54,10581,739,472,95,39,121387
2024-05-10,196,46,10591,843,531,74,45,121537
2024-05-11,167,50,14639,1524,681,93,40,121654
2024-05-12,142,43,19193,1779,747,100,43,121753
2024-05-13,200,44,10137,1080,513,103,50,121909
2024-05-14,180,39,11079,900,530,87,55,122050
2024-05-15,168,43,10058,983,440,98,52,122175
2024-05-16,194,55,8355,1013,540,104,41,122314
2024-05-17,191,39,9900,981,483,88,45,122466
2024-05-18,177,42,17460,1522,664,80,44,122601
2024-05-19,204,46,16036,1113,802,88,46,122759
2024-05-20,173,44,11408,828,439,78,47,122888
2024-05-21,183,43,10229,1134,471,84,52,123028
2024-05-22,161,52,10498,985,514,107,48,123137
2024-05-23,205,51,10657,753,520,94,42,123291
2024-05-24,190,45,10966,1101,423,84,40,123436
2024-05-25,253,53,16325,1306,699,74,40,123636
2024-05-26,158,50,17142,1234,690,96,49,123744
2024-05-27,204,49,11179,931,523,97,47,123899
2024-05-28,152,44,11114,982,417,104,42,124007
2024-05-29,191,43,9187,894,489,102,39,124155
2024-05-30,178,50,11357,883,390,97,39,124283
2024-05-31,195,46,11598,980,449,79,43,124432
2024-06-01,161,39,15841,1351,753,114,51,124554
2024-06-02,192,43,18532,1294,597,105,50,124703
2024-06-03,180,52,11477,1005,462,95,41,124831
2024-06-04,168,44,9338,1077,510,110,53,124955
2024-06-05,196,55,10307,944,588,94,45,125096
2024-06-06,185,51,10502,935,448,102,41,125230
2024-06-07,192,39,10308,1111,398,93,47,125383
2024-06-08,208,49,13764,1449,651,76,49,125542
2024-06-09,168,45,17294,1464,637,82,46,125665
2024-06-10,187,48,10099,1063,438,98,49,125804
2024-06-11,223,48,11261,927,487,95,49,125979
2024-06-12,195,41,10759,726,554,85,48,126133
2024-06-13,174,47,9840,1043,448,96,45,126260
2024-06-14,188,59,11470,899,463,125,45,126389
2024-06-15,218,47,15747,1389,802,102,49,126560
2024-06-16,197,47,14530,1287,742,101,47,126710
2024-06-17,222,45,10763,968,398,99,57,126887
2024-06-18,186,43,10332,1072,527,73,38,127030
2024-06-19,184,44,10486,831,524,89,48,127170
2024-06-20,188,40,10669,933,452,85,41,127318
2024-06-21,152,44,9726,964,546,101,54,127426
2024-06-22,193,48,16986,1528,715,92,53,127571
2024-06-23,190,43,15769,1147,762,87,58,127718
2024-06-24,209,48,8729,851,424,85,53,127879
2024-06-25,213,47,10522,764,462,90,48,128045
2024-06-26,214,45,11367,986,512,88,52,128214
2024-06-27,201,53,10686,849,567,94,44,128362
2024-06-28,186,42,9539,906,453,98,48,128506
2024-06-29,183,40,15175,1494,744,103,56,128649
2024-06-30,192,48,15353,1549,645,98,57,128793
2024-07-01,188,49,10514,978,422,98,42,128932
2024-07-02,195,48,8915,1055,430,105,45,129079
2024-07-03,215,53,9583,1084,483,95,47,129241
2024-07-04,173,46,11004,965,479,99,45,129368
2024-07-05,142,42,10025,997,460,83,51,129468
2024-07-06,170,60,15810,1324,838,84,48,129578
2024-07-07,182,39,11974,1618,633,89,56,129721
2024-07-08,195,56,7543,1010,631,85,53,129860
2024-07-09,190,53,8495,921,414,108,56,129997
2024-07-10,182,49,10181,880,524,107,40,130130
2024-07-11,175,55,8419,965,455,105,44,130250
2024-07-12,174,44,8276,903,483,98,49,130380
2024-07-13,182,50,13372,1464,633,99,50,130512
2024-07-14,192,51,14930,1353,696,97,52,130653
2024-07-15,179,45,10236,873,438,110,49,130787
2024-07-16,161,44,7751,1025,555,106,50,130904
2024-07-17,176,46,9903,979,405,101,53,131034
2024-07-18,152,52,10322,972,534,105,53,131134
2024-07-19,155,45,9879,1013,483,86,51,131244
2024-07-20,200,39,12192,1509,657,102,47,131405
2024-07-21,206,41,12593,1342,799,102,47,131570
2024-07-22,168,43,9537,1158,526,106,42,131695
2024-07-23,201,51,9270,981,503,113,49,131845
2024-07-24,207,43,9686,991,501,107,48,132009
2024-07-25,199,50,9181,1111,415,99,49,132158
2024-07-26,183,52,8292,971,495,99,52,132289
2024-07-27,181,44,13556,1540,744,73,44,132426
2024-07-28,205,53,14931,1702,729,85,48,132578
2024-07-29,169,50,7820,918,451,94,47,132697
2024-07-30,199,54,9435,980,496,95,55,132842
2024-07-31,209,49,7659,729,489,94,42,133002
2024-08-01,181,44,8495,1034,511,86,48,133139
2024-08-02,186,49,8041,1004,508,92,50,133276
2024-08-03,188,42,13068,1645,763,96,37,133422
2024-08-04,191,53,12522,1615,802,81,54,133560
2024-08-05,195,48,9680,1023,399,97,45,133707
2024-08-06,161,51,8508,810,503,88,51,133817
2024-08-07,196,45,7900,1003,439,97,46,133968
2024-08-08,164,42,8714,798,506,85,41,134090
2024-08-09,213,49,8882,763,508,104,44,134254
2024-08-10,212,49,13992,1492,685,95,52,134417
2024-08-11,195,58,11455,1525,832,108,52,134554
2024-08-12,195,46,7878,1005,530,105,54,134703
2024-08-13,193,45,9216,1049,459,104,50,134851
2024-08-14,190,45,7245,965,517,99,42,134996
2024-08-15,192,56,10065,975,567,98,52,135132
2024-08-16,201,50,8104,1007,506,94,47,135283
2024-08-17,213,49,11856,1357,709,98,46,135447
2024-08-18,196,40,13330,1470,706,91,47,135603
2024-08-19,216,44,8616,956,497,101,45,135775
2024-08-20,217,49,8702,987,387,96,51,135943
2024-08-21,182,40,8484,924,430,107,55,136085
2024-08-22,174,49,8196,805,490,100,45,136210
2024-08-23,187,56,7849,970,472,86,47,136341
2024-08-24,211,54,12153,1456,768,97,45,136498
2024-08-25,192,57,14652,1515,814,82,53,136633
2024-08-26,178,52,9037,871,585,106,37,136759
2024-08-27,173,44,8096,1015,477,104,45,136888
2024-08-28,176,47,8104,1144,504,81,53,137017
2024-08-29,208,59,5876,1123,554,90,52,137166
2024-08-30,201,59,8290,903,484,104,46,137308
2024-08-31,196,50,12625,1690,769,86,51,137454
2024-09-01,201,49,13140,1200,748,120,45,137606
2024-09-02,164,48,9783,956,434,97,52,137722
2024-09-03,203,47,9039,967,422,95,52,137878
2024-09-04,178,43,8199,1052,480,83,50,138013
2024-09-05,180,52,7732,812,556,103,44,138141
2024-09-06,197,53,7414,1058,506,104,54,138285
2024-09-07,170,52,9430,1590,877,96,43,138403
2024-09-08,194,55,11572,1492,813,97,43,138542
2024-09-09,197,46,9666,1046,553,109,49,138693
2024-09-10,178,56,7780,1129,426,95,46,138815
2024-09-11,196,51,8559,841,509,97,57,138960
2024-09-12,221,39,7999,1096,555,99,48,139142
2024-09-13,215,49,7441,964,449,100,52,139308
2024-09-14,187,52,10781,1840,690,89,42,139443
2024-09-15,185,56,10915,1417,609,101,52,139572
